,Rank,Title,Start Year,End Year,Rating,Duration,Votes,Genre,Certificate,Primary Genre
0,1,Call Me Kevin,2016,,9.8,,1790,Comedy,,Comedy
1,2,Minecraft Epic,2019,,9.6,,3968,"Action, Adventure, Comedy",TV-MA,Action
2,3,Coke Studio,2008,,9.6,60 ,1244,Music,Approved,Music
3,4,Breaking Bad,2008,2013,9.5,49 ,1921674,"Crime, Drama, Thriller",TV-MA,Crime
4,5,Bluey,2018,,9.5,7 ,12884,"Animation, Family",TV-Y,Animation
5,6,The Last Drive-In with Joe Bob Briggs,2018,,9.5,125 ,1574,"Comedy, Fantasy, Horror",Not Rated,Comedy
6,7,Unus Annus,2019,2020,9.5,,1200,"Comedy, Reality-TV",TV-14,Comedy
7,8,Alpha Bravo Charlie,1998,,9.5,40 ,1793,Action,,Action
8,9,Best of the Worst,2013,,9.4,,3507,"Comedy, Talk-Show",,Comedy
9,10,Formula 1,1950,,9.4,,3206,Sport,Not Rated,Sport
10,11,The Chosen,2017,,9.3,54 ,32664,"Drama, History",TV-PG,Drama
11,12,The Wire,2002,2008,9.3,59 ,345004,"Crime, Drama, Thriller",TV-MA,Crime
12,13,Avatar: The Last Airbender,2005,2008,9.3,23 ,322041,"Animation, Action, Adventure",TV-Y7-FV,Animation
13,14,The Joy of Painting,1983,1994,9.3,30 ,5599,"Documentary, Family",TV-G,Documentary
14,15,Scott the Woz,2017,,9.3,,1321,"Comedy, History",TV-14,Comedy
15,16,Half in the Bag,2011,,9.3,40 ,4935,"Comedy, Talk-Show",Unrated,Comedy
16,17,The Kill Count,2017,,9.3,22 ,1131,"Comedy, Horror",Unrated,Comedy
17,18,Screen Rant Pitch Meetings,2017,,9.3,,1220,Comedy,TV-PG,Comedy
18,19,1pm Daily Update,2020,,9.3,,1802,News,,News
19,20,The Last of Us,2023,,9.2,50 ,195752,"Action, Adventure, Drama",TV-MA,Action
20,21,Game of Thrones,2011,2019,9.2,57 ,2124846,"Action, Adventure, Drama",TV-MA,Action
21,22,The Sopranos,1999,2007,9.2,55 ,409476,"Crime, Drama",TV-MA,Crime
22,23,Critical Role,2015,,9.2,180 ,11101,"Adventure, Fantasy",TV-14,Adventure
23,24,The World at War,1973,1974,9.2,52 ,26350,"Documentary, History, War",TV-PG,Documentary
24,25,Dragon Ball Z Abridged,2008,2018,9.2,10 ,1117,"Animation, Action, Comedy",TV-14,Animation
25,26,The Filthy Frank Show,2011,2017,9.2,12 ,33100,"Short, Comedy",TV-MA,Short
26,27,The Big Lez Show,2012,2019,9.2,,1817,"Animation, Adventure, Comedy",TV-MA,Animation
27,28,Norm Macdonald Live,2013,2017,9.2,,1526,"Comedy, Talk-Show",,Comedy
28,29,Casey Neistat Vlog,2015,,9.2,,1278,"Documentary, Reality-TV",,Documentary
29,30,Rick and Morty,2013,,9.1,23 ,537222,"Animation, Adventure, Comedy",TV-14,Animation
30,31,Sherlock,2010,2017,9.1,88 ,936597,"Crime, Drama, Mystery",TV-14,Crime
31,32,The Twilight Zone,1959,1964,9.1,51 ,85582,"Drama, Fantasy, Horror",TV-PG,Drama
32,33,Penguinz0,2007,,9.1,,1361,"Comedy, Talk-Show",TV-MA,Comedy
33,34,UNHhhh,2016,,9.1,10 ,1654,"Comedy, Talk-Show",,Comedy
34,35,VideoGameDunkey,2010,,9.1,,1557,Comedy,TV-14,Comedy
35,36,Madventures,2002,,9.1,35 ,2615,Documentary,,Documentary
36,37,The Office,2005,2013,9.0,22 ,617085,Comedy,TV-14,Comedy
37,38,Clarkson's Farm,2021,,9.0,45 ,40272,"Documentary, Comedy, Reality-TV",TV-PG,Documentary
38,39,Firefly,2002,2003,9.0,44 ,268401,"Adventure, Drama, Sci-Fi",TV-14,Adventure
39,40,Arcane,2021,,9.0,41 ,216135,"Animation, Action, Adventure",TV-14,Animation
40,41,Hunter x Hunter,2011,2014,9.0,24 ,105028,"Animation, Action, Adventure",TV-14,Animation
41,42,Taskmaster,2015,,9.0,47 ,14178,"Comedy, Game-Show",TV-14,Comedy
42,43,Batman: The Animated Series,1992,1995,9.0,23 ,106216,"Animation, Action, Adventure",TV-PG,Animation
43,44,Only Fools and Horses,1981,2003,9.0,95 ,52961,Comedy,TV-PG,Comedy
44,45,Tom and Jerry,1940,1968,9.0,8 ,7292,"Animation, Short, Adventure",TV-G,Animation
45,46,The Real Bros of Simi Valley,2017,,9.0,30 ,1616,Comedy,TV-14,Comedy
46,47,Sarabhai V/S Sarabhai,2004,2017,9.0,30 ,17046,Comedy,TV-PG,Comedy
47,48,Morning Changes Everything,2018,,9.0,30 ,3100,"Drama, Romance",,Drama
48,49,Sugar Pine 7,2016,2019,9.0,,1090,"Short, Comedy",,Short
49,50,High Stakes Poker,2006,,9.0,60 ,1214,"Game-Show, Reality-TV, Sport",,Game-Show
50,50,High Stakes Poker,2006,,9.0,60 ,1214,"Game-Show, Reality-TV, Sport",,Game-Show
51,51,Roadfood,2021,,9.0,20 ,1579,Documentary,,Documentary
52,52,Every Frame a Painting,2014,2016,9.0,,1153,"Documentary, History, Talk-Show",,Documentary
53,53,Better Call Saul,2015,2022,8.9,46 ,547899,"Crime, Drama",TV-MA,Crime
54,54,Friends,1994,2004,8.9,22 ,1008919,"Comedy, Romance",TV-14,Comedy
55,55,True Detective,2014,2019,8.9,55 ,580352,"Crime, Drama, Mystery",TV-MA,Crime
56,56,Seinfeld,1989,1998,8.9,22 ,324768,Comedy,TV-PG,Comedy
57,57,Fargo,2014,,8.9,53 ,378046,"Crime, Drama, Thriller",TV-MA,Crime
58,58,The West Wing,1999,2006,8.9,44 ,78742,Drama,TV-14,Drama
59,59,Gravity Falls,2012,2016,8.9,23 ,112944,"Animation, Action, Adventure",TV-Y7,Animation
60,60,Last Week Tonight with John Oliver,2014,,8.9,30 ,90400,"Comedy, History, News",TV-MA,Comedy
61,61,Nathan for You,2013,2017,8.9,30 ,32369,"Documentary, Comedy",TV-14,Documentary
62,62,The Traitors,2022,,8.9,59 ,2218,"Game-Show, Reality-TV",,Game-Show
63,63,Still Game,2002,2019,8.9,30 ,8292,Comedy,TV-14,Comedy
64,64,Hey Duggee,2014,,8.9,7 ,1203,"Animation, Comedy, Family",TV-Y,Animation
65,65,The Test: A New Era for Australia's Team,2020,2023,8.9,52 ,3337,"Documentary, Sport",TV-14,Documentary
66,66,Joe Pera Talks with You,2018,2021,8.9,11 ,2935,Comedy,TV-PG,Comedy
67,67,How the Universe Works,2010,,8.9,60 ,6914,Documentary,TV-PG,Documentary
68,68,Homefront,1991,1993,8.9,60 ,1284,"Drama, History, Romance",,Drama
69,69,Leah Remini: Scientology and the Aftermath,2016,2019,8.9,47 ,6178,"Documentary, History, Mystery",TV-14,Documentary
70,70,Good Eats,1999,2012,8.9,30 ,3811,"Documentary, Comedy",TV-G,Documentary
71,71,Tiny World,2020,,8.9,30 ,2286,Documentary,TV-G,Documentary
72,72,Mortimer & Whitehouse: Gone Fishing,2018,,8.9,30 ,1426,"Comedy, Reality-TV",,Comedy
73,73,Departures,2008,,8.9,46 ,2245,"Documentary, Adventure",,Documentary
74,74,Lucha Underground,2014,2018,8.9,60 ,1601,"Action, Drama, Sport",TV-14,Action
75,75,Zindagi Gulzar Hai,2012,2013,8.9,42 ,3832,Romance,,Romance
76,76,Some Good News,2020,,8.9,15 ,1199,"Comedy, News, Talk-Show",,Comedy
77,77,re: View,2016,,8.9,,1643,"Comedy, Talk-Show",,Comedy
78,78,Succession,2018,,8.8,60 ,157253,Drama,TV-MA,Drama
79,79,Peaky Blinders,2013,2022,8.8,60 ,563369,"Crime, Drama",TV-MA,Crime
80,80,Ted Lasso,2020,,8.8,30 ,228047,"Comedy, Drama, Sport",TV-MA,Comedy
81,81,It's Always Sunny in Philadelphia,2005,,8.8,22 ,229886,Comedy,TV-MA,Comedy
82,82,Black Mirror,2011,2019,8.8,60 ,557306,"Drama, Mystery, Sci-Fi",TV-MA,Drama
83,83,Narcos,2015,2017,8.8,49 ,429363,"Biography, Crime, Drama",TV-MA,Biography
84,84,Curb Your Enthusiasm,2000,,8.8,28 ,131421,Comedy,TV-MA,Comedy
85,85,BoJack Horseman,2014,2020,8.8,25 ,162662,"Animation, Comedy, Drama",TV-MA,Animation
86,86,Twin Peaks,1990,1991,8.8,47 ,200862,"Crime, Drama, Mystery",TV-MA,Crime
87,87,Fawlty Towers,1975,1979,8.8,30 ,94907,Comedy,TV-PG,Comedy
88,88,Freaks and Geeks,1999,2000,8.8,44 ,144931,"Comedy, Drama",TV-14,Comedy
89,89,Dragon Ball Z,1989,1996,8.8,24 ,133873,"Animation, Action, Adventure",TV-PG,Animation
90,90,Air Crash Investigation,2003,,8.8,46 ,5159,"Documentary, Crime, Drama",TV-14,Documentary
91,91,Steins;Gate,2011,2015,8.8,24 ,64291,"Animation, Comedy, Drama",TV-14,Animation
92,92,30 for 30,2009,,8.8,60 ,5152,"Documentary, Biography, History",TV-G,Documentary
93,93,Don't Hug Me I'm Scared,2022,,8.8,23 ,3337,"Animation, Comedy, Horror",TV-14,Animation
94,94,Monty Python's Flying Circus,1969,1974,8.8,30 ,75394,Comedy,TV-14,Comedy
95,95,Chappelle's Show,2003,2006,8.8,22 ,66357,"Comedy, Music",TV-MA,Comedy
96,96,Fighting Spirit,2000,2002,8.8,20 ,7426,"Animation, Action, Comedy",TV-PG,Animation
97,97,Forensic Files,1996,2011,8.8,30 ,6642,"Documentary, Crime",TV-14,Documentary
98,98,Horrible Histories,2009,2022,8.8,28 ,5381,"Comedy, Family, History",,Comedy
99,99,KinnPorsche the Series La 'forte,2022,,8.8,60 ,3695,"Action, Comedy, Romance",TV-MA,Action
100,100,Anthony Bourdain: Parts Unknown,2013,2018,8.8,42 ,6406,"Documentary, Adventure",TV-PG,Documentary
101,101,Homicide Hunter,2011,2020,8.8,43 ,3375,"Documentary, Crime",TV-14,Documentary
102,102,Blackadder Goes Forth,1989,,8.8,175 ,53828,"Comedy, War",TV-PG,Comedy
103,103,Most Extreme Elimination Challenge,2003,2007,8.8,30 ,3333,"Action, Adventure, Comedy",TV-PG,Action
104,104,The Storyteller,1987,1989,8.8,24 ,4690,"Adventure, Drama, Family",TV-Y7,Adventure
105,105,Slings and Arrows,2003,2006,8.8,60 ,2752,Comedy,TV-MA,Comedy
106,106,Besa,2018,,8.8,45 ,4657,"Crime, Drama",,Crime
107,107,Good Mythical Morning,2012,,8.8,12 ,2151,"Comedy, Family, Talk-Show",TV-G,Comedy
108,108,Nightwatch,2015,,8.8,44 ,1004,Reality-TV,TV-14,Reality-TV
109,109,The Lizzie Bennet Diaries,2012,,8.8,3 ,3242,"Comedy, Drama",,Comedy
110,110,Stranger Things: Spotlight,2018,,8.8,,2432,Talk-Show,TV-14,Talk-Show
111,111,Screenwipe,2006,2020,8.8,30 ,2466,"Documentary, Comedy",TV-MA,Documentary
112,112,Hamilton's Pharmacopeia,2011,,8.8,60 ,1301,Documentary,TV-MA,Documentary
113,113,BuzzFeed Unsolved: True Crime,2016,2021,8.8,,1733,"Documentary, Comedy, Crime",TV-MA,Documentary
114,114,Vice,2013,2021,8.8,30 ,4329,"Documentary, News",TV-MA,Documentary
115,115,Bandon Mein Tha Dum!,2022,,8.8,48 ,6224,"Documentary, Sport",,Documentary
116,116,Cinemassacre's Monster Madness,2007,2022,8.8,,2035,Documentary,,Documentary
117,117,Strutter,2006,2007,8.8,22 ,1015,Comedy,,Comedy
118,118,Content Cop,2015,,8.8,20 ,12655,"Comedy, Crime, Talk-Show",TV-MA,Comedy
119,119,Pew News,2018,2020,8.8,15 ,14829,"Comedy, News",TV-MA,Comedy
120,120,Studio Julmahuvi,1998,,8.8,30 ,1219,Comedy,,Comedy
121,121,Yellowstone,2018,2023,8.7,60 ,160815,"Drama, Western",TV-MA,Drama
122,122,The Boys,2019,,8.7,60 ,525724,"Action, Comedy, Crime",TV-MA,Action
123,123,The Mandalorian,2019,,8.7,40 ,497232,"Action, Adventure, Fantasy",TV-14,Action
124,124,Stranger Things,2016,2024,8.7,51 ,1212379,"Drama, Fantasy, Horror",TV-14,Drama
125,125,Severance,2022,,8.7,55 ,136373,"Drama, Mystery, Sci-Fi",TV-MA,Drama
126,126,South Park,1997,,8.7,22 ,374398,"Animation, Comedy",TV-14,Animation
127,127,House M.D.,2004,2012,8.7,44 ,471120,"Drama, Mystery",TV-14,Drama
128,128,The Simpsons,1989,,8.7,22 ,411974,"Animation, Comedy",TV-14,Animation
129,129,Star Trek: The Next Generation,1987,1994,8.7,44 ,123494,"Action, Adventure, Sci-Fi",TV-PG,Action
130,130,Mad Men,2007,2015,8.7,47 ,242894,Drama,TV-MA,Drama
131,131,Dexter,2006,2013,8.7,53 ,731330,"Crime, Drama, Mystery",TV-MA,Crime
132,132,This Is Us,2016,2022,8.7,45 ,146852,"Comedy, Drama, Romance",TV-14,Comedy
133,133,Arrested Development,2003,2019,8.7,22 ,308519,Comedy,TV-14,Comedy
134,134,Downton Abbey,2010,2015,8.7,58 ,210065,"Drama, Romance",TV-PG,Drama
135,135,Invincible,2021,,8.7,50 ,144318,"Animation, Action, Adventure",TV-MA,Animation
136,136,Friday Night Lights,2006,2011,8.7,44 ,67954,"Drama, Sport",TV-14,Drama
137,137,The Marvelous Mrs. Maisel,2017,,8.7,57 ,116540,"Comedy, Drama",TV-MA,Comedy
138,138,Line of Duty,2012,2021,8.7,60 ,61445,"Crime, Drama, Mystery",TV-14,Crime
139,139,Letterkenny,2016,,8.7,30 ,24733,Comedy,TV-MA,Comedy
140,140,House of Cards,2013,2018,8.7,51 ,508964,Drama,TV-MA,Drama
141,141,Fleabag,2016,2019,8.7,27 ,164598,"Comedy, Drama",TV-MA,Comedy
142,142,Six Feet Under,2001,2005,8.7,60 ,137080,"Comedy, Drama",TV-MA,Comedy
143,143,Rome,2005,2007,8.7,52 ,174221,"Action, Drama, Romance",TV-MA,Action
144,144,Battlestar Galactica,2004,2009,8.7,44 ,167809,"Action, Adventure, Drama",TV-14,Action
145,145,Oz,1997,2003,8.7,55 ,100949,"Crime, Drama, Thriller",TV-MA,Crime
146,146,The Shield,2002,2008,8.7,47 ,82234,"Crime, Drama, Thriller",TV-MA,Crime
147,147,Heartstopper,2022,,8.7,30 ,55978,"Drama, Romance",TV-14,Drama
148,148,Anne with an E,2017,2019,8.7,60 ,57452,"Drama, Family",TV-PG,Drama
149,149,One Punch Man,2015,2019,8.7,24 ,164075,"Animation, Action, Comedy",TV-PG,Animation
150,150,The Grand Tour,2016,,8.7,60 ,76925,"Comedy, Sport, Talk-Show",TV-14,Comedy
151,151,Peep Show,2003,2015,8.7,25 ,61787,Comedy,TV-MA,Comedy
152,152,Top Gear,2002,,8.7,60 ,120490,"Adventure, Comedy, Reality-TV",TV-PG,Adventure
153,153,The Family Man,2019,,8.7,45 ,88124,"Action, Comedy, Drama",TV-14,Action
154,154,The Bureau,2015,,8.7,52 ,12263,"Drama, Thriller",TV-MA,Drama
155,155,Primal,2019,,8.7,22 ,16053,"Animation, Action, Adventure",TV-MA,Animation
156,156,The Carol Burnett Show,1967,1978,8.7,60 ,6579,"Comedy, Family",TV-G,Comedy
157,157,Homicide: Life on the Street,1993,1999,8.7,60 ,13091,"Crime, Drama, Mystery",TV-14,Crime
158,158,Mr. Sunshine,2018,,8.7,80 ,8310,"Action, Drama, Romance",TV-MA,Action
159,159,Justice League Unlimited,2004,2006,8.7,23 ,17101,"Animation, Action, Adventure",TV-Y7-FV,Animation
160,160,Father Ted,1995,1998,8.7,25 ,41304,Comedy,TV-14,Comedy
161,161,The Adventures of Sherlock Holmes,1984,1985,8.7,60 ,22752,"Crime, Drama, Mystery",TV-PG,Crime
162,162,The Thick of It,2005,2012,8.7,29 ,24194,Comedy,TV-MA,Comedy
163,163,Mystery Science Theater 3000,1988,1999,8.7,92 ,24937,"Comedy, Sci-Fi",TV-14,Comedy
164,164,The Case-Book of Sherlock Holmes,1991,1993,8.7,60 ,5855,"Crime, Drama, Mystery",,Crime
165,165,How to with John Wilson,2020,,8.7,30 ,9405,"Documentary, Comedy",TV-MA,Documentary
166,166,Umbre,2014,2019,8.7,45 ,10578,"Crime, Drama, Thriller",TV-MA,Crime
167,167,The Return of Sherlock Holmes,1986,1988,8.7,60 ,12499,"Crime, Drama, Mystery",TV-PG,Crime
168,168,Mind Your Language,1977,1986,8.7,30 ,8971,Comedy,TV-14,Comedy
169,169,The Repair Shop,2017,,8.7,30 ,1682,"Documentary, Reality-TV",,Documentary
170,170,Nova,1974,,8.7,60 ,2855,Documentary,TV-PG,Documentary
171,171,Dark Side of the Ring,2019,,8.7,60 ,3081,"Documentary, Drama, History",TV-14,Documentary
172,172,Mister Rogers' Neighborhood,1968,2001,8.7,30 ,9017,"Family, Fantasy, Music",TV-Y,Family
173,173,Yes Minister,1980,1984,8.7,30 ,15261,Comedy,TV-PG,Comedy
174,174,"You Rang, M'Lord?",1988,1993,8.7,50 ,3413,Comedy,,Comedy
175,175,Nirvanna the Band the Show,2016,,8.7,22 ,1799,Comedy,TV-MA,Comedy
176,176,Lenox Hill,2020,,8.7,,2418,Documentary,TV-MA,Documentary
177,177,ImMATURE,2019,,8.7,25 ,9205,"Comedy, Drama, Romance",,Comedy
178,178,BuzzFeed Unsolved: Supernatural,2016,2021,8.7,,1594,"Adventure, Comedy, Horror",Not Rated,Adventure
179,179,Profit,1996,1997,8.7,90 ,2061,"Crime, Drama",,Crime
180,180,Bose: Dead/Alive,2017,,8.7,20 ,6723,"Biography, History, Mystery",TV-MA,Biography
181,181,In the Nick of Time,2005,2007,8.7,45 ,5109,"Comedy, Drama, Mystery",,Comedy
182,182,Mind Field,2017,,8.7,26 ,2638,Documentary,TV-14,Documentary
183,183,Breaking News,1994,1997,8.7,30 ,1282,"Comedy, Drama",,Comedy
184,184,Your Movie Sucks,2010,,8.7,,4167,"Comedy, Talk-Show",TV-14,Comedy
185,185,The Universe,2007,2015,8.7,45 ,5838,"Documentary, History",TV-14,Documentary
186,186,Vengeance Unlimited,1998,1999,8.7,60 ,1113,"Crime, Drama",TV-14,Crime
187,187,Wannous,2016,,8.7,,2316,"Drama, Mystery",,Drama
188,188,Dave Chappelle,2017,,8.7,66 ,2923,"Documentary, Comedy",,Documentary
189,189,Stewart Lee's Comedy Vehicle,2009,,8.7,,1709,Comedy,,Comedy
190,190,Ralphthemoviemaker,2013,2022,8.7,,2096,"Documentary, Comedy, Fantasy",TV-MA,Documentary
191,191,The Chaser's War on Everything,2006,2009,8.7,26 ,2727,Comedy,,Comedy
192,192,The Other Sport,2013,,8.7,44 ,1209,"Documentary, Sport",,Documentary
193,193,1923,2022,2023,8.6,60 ,15287,"Drama, Western",TV-MA,Drama
194,194,The Crown,2016,2023,8.6,58 ,225634,"Biography, Drama, History",TV-MA,Biography
195,195,Doctor Who,2005,,8.6,45 ,228593,"Adventure, Drama, Sci-Fi",TV-PG,Adventure
196,196,Shameless,2011,2021,8.6,46 ,247768,"Comedy, Drama",TV-MA,Comedy
197,197,Parks and Recreation,2009,2015,8.6,22 ,264163,Comedy,TV-14,Comedy
198,198,The X-Files,1993,2018,8.6,45 ,229949,"Crime, Drama, Mystery",TV-14,Crime
199,199,Sons of Anarchy,2008,2014,8.6,45 ,301885,"Crime, Drama, Thriller",TV-MA,Crime
200,200,Justified,2010,2015,8.6,44 ,102676,"Action, Crime, Drama",TV-MA,Action
201,201,Call the Midwife,2012,,8.6,60 ,27901,"Drama, History",TV-PG,Drama
202,202,All Creatures Great and Small,2020,,8.6,,12802,"Comedy, Drama",TV-PG,Comedy
203,203,Boardwalk Empire,2010,2014,8.6,55 ,192074,"Crime, Drama",TV-MA,Crime
204,204,Atlanta,2016,2022,8.6,30 ,77223,"Comedy, Drama, Music",TV-MA,Comedy
205,205,Mindhunter,2017,2019,8.6,60 ,296216,"Crime, Drama, Mystery",TV-MA,Crime
206,206,What We Do in the Shadows,2019,,8.6,30 ,81292,"Comedy, Fantasy, Horror",TV-MA,Comedy
207,207,Mr. Robot,2015,2019,8.6,49 ,392546,"Crime, Drama, Thriller",TV-MA,Crime
208,208,Poirot,1989,2013,8.6,100 ,46965,"Crime, Drama, Mystery",TV-14,Crime
209,209,Daredevil,2015,2018,8.6,54 ,446226,"Action, Crime, Drama",TV-MA,Action
210,210,Endeavour,2012,2023,8.6,89 ,27378,"Crime, Drama, Mystery",TV-14,Crime
211,211,Deadwood,2004,2006,8.6,55 ,109431,"Crime, Drama, History",TV-MA,Crime
212,212,Archer,2009,,8.6,22 ,157172,"Animation, Action, Comedy",TV-MA,Animation
213,213,Detectorists,2014,2022,8.6,30 ,16642,Comedy,TV-14,Comedy
214,214,Adventure Time,2010,2018,8.6,11 ,98091,"Animation, Action, Adventure",TV-PG,Animation
215,215,Trailer Park Boys,2001,2018,8.6,30 ,45479,"Comedy, Crime",TV-MA,Comedy
216,216,The Newsroom,2012,2014,8.6,55 ,117735,Drama,TV-MA,Drama
217,217,Mr Inbetween,2018,2021,8.6,30 ,19625,"Crime, Drama",TV-MA,Crime
218,218,Early Doors,2003,2004,8.6,30 ,2075,Comedy,,Comedy
219,219,Foyle's War,2002,2015,8.6,90 ,16171,"Crime, Drama, Mystery",TV-14,Crime
220,220,The Rehearsal,2022,,8.6,30 ,19718,"Documentary, Comedy",TV-MA,Documentary
221,221,Impractical Jokers,2011,,8.6,30 ,41636,"Comedy, Reality-TV",TV-14,Comedy
222,222,Wentworth,2013,2021,8.6,45 ,22818,"Crime, Drama, Thriller",TV-MA,Crime
223,223,Formula 1: Drive to Survive,2019,,8.6,40 ,42208,"Documentary, Sport",TV-MA,Documentary
224,224,Young Justice,2010,2022,8.6,23 ,42293,"Animation, Action, Adventure",TV-PG,Animation
225,225,The Great British Baking Show,2010,,8.6,60 ,11093,Reality-TV,TV-PG,Reality-TV
226,226,Pose,2018,2021,8.6,60 ,30046,Drama,TV-MA,Drama
227,227,Mr. Bean,1990,1995,8.6,25 ,122578,"Comedy, Family",TV-G,Comedy
228,228,Fruits Basket,2019,2021,8.6,24 ,6934,"Animation, Comedy, Drama",TV-14,Animation
229,229,Flight of the Conchords,2007,2009,8.6,28 ,62607,"Comedy, Music, Musical",TV-MA,Comedy
230,230,Justice League,2001,2004,8.6,22 ,47621,"Animation, Action, Adventure",TV-PG,Animation
231,231,The Venture Bros.,2003,2018,8.6,22 ,26411,"Animation, Action, Adventure",TV-14,Animation
232,232,QI,2003,,8.6,30 ,32293,"Comedy, Game-Show",TV-PG,Comedy
233,233,Banshee Origins,2013,2016,8.6,,5265,Drama,TV-MA,Drama
234,234,Spaced,1999,2001,8.6,25 ,55388,"Action, Comedy",TV-14,Action
235,235,Coupling,2000,2004,8.6,30 ,46157,"Comedy, Romance",TV-14,Comedy
236,236,"Finding Your Roots with Henry Louis Gates, Jr.",2012,,8.6,53 ,1299,"Documentary, Biography, History",TV-PG,Documentary
237,237,Making a Murderer,2015,2018,8.6,60 ,97526,"Documentary, Crime",TV-14,Documentary
238,238,Stanley Tucci: Searching for Italy,2021,2022,8.6,60 ,2333,"Documentary, Reality-TV",TV-PG,Documentary
239,239,The Honeymooners,1955,1956,8.6,30 ,5736,"Comedy, Family",TV-PG,Comedy
240,240,The Eric Andre Show,2012,,8.6,11 ,19324,"Comedy, Talk-Show",TV-MA,Comedy
241,241,The Great Pottery Throw Down,2015,,8.6,60 ,1112,"Game-Show, Reality-TV",TV-14,Game-Show
242,242,Escape to the Chateau,2016,2022,8.6,,1650,Reality-TV,TV-PG,Reality-TV
243,243,I'm Alan Partridge,1997,2002,8.6,29 ,20964,Comedy,TV-MA,Comedy
244,244,Love on the Spectrum,2019,2021,8.6,45 ,6335,"Documentary, Reality-TV, Romance",TV-14,Documentary
245,245,The Goes Wrong Show,2019,,8.6,29 ,2457,Comedy,TV-PG,Comedy
246,246,Blackadder II,1986,,8.6,176 ,47388,Comedy,TV-PG,Comedy
247,247,Phoenix Nights,2001,2002,8.6,25 ,7003,Comedy,,Comedy
248,248,Charlie Brooker's Weekly Wipe,2013,2015,8.6,,1529,Comedy,,Comedy
249,249,Blackadder the Third,1987,,8.6,180 ,44900,Comedy,TV-PG,Comedy
250,250,The Jack Benny Program,1950,1965,8.6,30 ,1524,Comedy,Not Rated,Comedy
251,251,Secret Army,1977,1979,8.6,50 ,1491,"Drama, History, War",,Drama
252,252,The George Burns and Gracie Allen Show,1950,1958,8.6,30 ,1454,Comedy,,Comedy
253,253,Through the Wormhole,2010,2017,8.6,60 ,17953,Documentary,TV-PG,Documentary
254,254,Man in the Arena,2021,,8.6,50 ,1197,"Documentary, Sport",,Documentary
255,255,"Yes, Prime Minister",1986,1987,8.6,30 ,11898,Comedy,TV-PG,Comedy
256,256,Beakman's World,1992,1997,8.6,30 ,2776,"Comedy, Family",TV-PG,Comedy
257,257,Frontline,1983,,8.6,60 ,2097,"Documentary, News",TV-MA,Documentary
258,258,Check It Out! with Dr. Steve Brule,2010,2017,8.6,11 ,6602,"Comedy, Talk-Show",TV-14,Comedy
259,259,The Great Queen Seondeok,2009,,8.6,60 ,1255,"Biography, Drama, History",,Biography
260,260,The Bugs Bunny Show,1960,1975,8.6,30 ,34275,"Animation, Comedy",TV-G,Animation
261,261,Brass Eye,1997,2001,8.6,25 ,10959,Comedy,TV-MA,Comedy
262,262,Broad City,2010,2011,8.6,,3242,"Short, Comedy",,Short
263,263,Inside the Actors Studio,1994,,8.6,65 ,5327,Talk-Show,TV-PG,Talk-Show
264,264,Studio C,2012,,8.6,30 ,1262,Comedy,,Comedy
265,265,At the Movies,1986,2010,8.6,30 ,2183,Talk-Show,TV-PG,Talk-Show
266,266,Mike Judge Presents: Tales from the Tour Bus,2017,2018,8.6,30 ,1357,"Documentary, Animation, Biography",TV-MA,Documentary
267,267,Kardes Payi,2014,2015,8.6,70 ,16599,"Comedy, Drama, Family",TV-PG,Comedy
268,268,Permanent Roommates,2014,2016,8.6,21 ,25289,"Comedy, Romance",TV-PG,Comedy
269,269,Middleditch & Schwartz,2020,,8.6,51 ,5604,Comedy,TV-MA,Comedy
270,270,Horizon,1964,,8.6,50 ,1112,Documentary,,Documentary
271,271,The Day Today,1994,,8.6,30 ,5359,Comedy,,Comedy
272,272,Impractical Jokers: Inside Jokes,2016,,8.6,30 ,2765,"Comedy, Reality-TV",TV-14,Comedy
273,273,Jake and Amir,2007,2023,8.6,,1094,"Short, Comedy",,Short
274,274,Yu-Gi-Oh! The Abridged Series,2006,,8.6,,1714,"Animation, Comedy",TV-14,Animation
275,275,Kosti,2020,,8.6,45 ,1457,"Crime, Drama, Thriller",,Crime
276,276,Match of the Day,1964,,8.6,70 ,2593,"News, Sport",,News
277,277,JonTron,2010,,8.6,,3481,Comedy,TV-14,Comedy
278,278,Meme Review,2017,,8.6,18 ,8127,Comedy,TV-MA,Comedy
279,279,Newswipe,2009,2010,8.6,29 ,1602,"Documentary, Comedy",,Documentary
280,280,Mad Jack the Pirate,1998,1999,8.6,30 ,1969,"Animation, Comedy",TV-Y,Animation
281,281,I Hate Everything: the Search for the Worst,2014,,8.6,,1924,"Animation, Comedy, Talk-Show",TV-MA,Animation
282,282,Immersion,2010,2017,8.6,,1075,Comedy,,Comedy
283,283,Happy Valley,2014,2023,8.5,58 ,48351,"Crime, Drama, Thriller",TV-MA,Crime
284,284,House of the Dragon,2022,,8.5,,308433,"Action, Adventure, Drama",TV-MA,Action
285,285,Vikings,2013,2020,8.5,44 ,541551,"Action, Adventure, Drama",TV-MA,Action
286,286,Modern Family,2009,2020,8.5,22 ,438656,"Comedy, Drama, Romance",TV-PG,Comedy
287,287,Suits,2011,2019,8.5,44 ,417126,"Comedy, Drama",TV-14,Comedy
288,288,The Last Kingdom,2015,2022,8.5,60 ,144393,"Action, Drama, History",TV-MA,Action
289,289,Ozark,2017,2022,8.5,60 ,321156,"Crime, Drama, Thriller",TV-MA,Crime
290,290,Community,2009,2015,8.5,22 ,270479,Comedy,TV-14,Comedy
291,291,Westworld,2016,2022,8.5,62 ,510298,"Drama, Mystery, Sci-Fi",TV-MA,Drama
292,292,Cobra Kai,2018,2023,8.5,30 ,189928,"Action, Comedy, Drama",TV-14,Action
293,293,Harley Quinn,2019,,8.5,23 ,31714,"Animation, Action, Adventure",TV-14,Animation
294,294,The Expanse,2015,2022,8.5,60 ,157096,"Drama, Mystery, Sci-Fi",TV-14,Drama
295,295,Bosch,2014,2021,8.5,51 ,73867,"Crime, Drama",TV-MA,Crime
296,296,Person of Interest,2011,2016,8.5,43 ,179043,"Action, Crime, Drama",TV-14,Action
297,297,Schitt's Creek,2015,2020,8.5,22 ,125208,Comedy,TV-14,Comedy
298,298,Spartacus,2010,2013,8.5,55 ,245037,"Action, Adventure, Biography",TV-MA,Action
299,299,Heartland,2007,,8.5,45 ,17500,"Drama, Family",TV-PG,Drama
300,300,Derry Girls,2018,2022,8.5,30 ,45841,Comedy,TV-MA,Comedy
301,301,Futurama,1999,2023,8.5,22 ,241665,"Animation, Adventure, Comedy",TV-14,Animation
302,302,Entourage,2004,2011,8.5,28 ,170952,"Comedy, Drama",TV-MA,Comedy
303,303,The Punisher,2017,2019,8.5,53 ,241290,"Action, Crime, Drama",TV-MA,Action
304,304,Big Little Lies,2017,2019,8.5,60 ,204268,"Crime, Drama, Mystery",TV-MA,Crime
305,305,Hannibal,2013,2015,8.5,44 ,258433,"Crime, Drama, Horror",TV-MA,Crime
306,306,Bosch: Legacy,2022,,8.5,50 ,19127,"Crime, Drama",TV-MA,Crime
307,307,The IT Crowd,2006,2013,8.5,25 ,154967,Comedy,TV-14,Comedy
308,308,Boston Legal,2004,2008,8.5,44 ,47332,"Comedy, Crime, Drama",TV-14,Comedy
309,309,Silicon Valley,2014,2019,8.5,28 ,153057,Comedy,TV-MA,Comedy
310,310,Twin Peaks,2017,,8.5,60 ,69294,"Crime, Drama, Horror",TV-MA,Crime
311,311,RuPaul's Drag Race,2009,,8.5,63 ,21077,"Game-Show, Reality-TV",TV-14,Game-Show
312,312,The Office,2001,2003,8.5,30 ,115273,"Comedy, Drama",TV-MA,Comedy
313,313,Alfred Hitchcock Presents,1955,1962,8.5,25 ,17830,"Comedy, Crime, Drama",TV-14,Comedy
314,314,Regular Show,2009,2017,8.5,23 ,47675,"Animation, Action, Adventure",TV-PG,Animation
315,315,Inside No. 9,2014,,8.5,30 ,17606,"Comedy, Crime, Drama",TV-MA,Comedy
316,316,The Boondocks,2005,2014,8.5,22 ,32031,"Animation, Action, Comedy",TV-MA,Animation
317,317,Smiling Friends,2020,,8.5,12 ,10248,"Animation, Short, Comedy",TV-MA,Animation
318,318,Beavis and Butt-Head,2022,,8.5,11 ,1737,"Animation, Comedy, Music",TV-14,Animation
319,319,Kingdom,2014,2017,8.5,43 ,18584,"Drama, Sport",TV-MA,Drama
320,320,Queer as Folk,1999,2005,8.5,47 ,21311,"Drama, Romance",TV-MA,Drama
321,321,The Knick,2014,2015,8.5,58 ,49684,"Drama, History",TV-MA,Drama
322,322,I Love Lucy,1951,1957,8.5,30 ,27253,"Comedy, Family",TV-G,Comedy
323,323,Southland,2009,2013,8.5,42 ,27372,"Crime, Drama, Thriller",TV-MA,Crime
324,324,Samurai Jack,2001,2017,8.5,25 ,54795,"Animation, Action, Adventure",TV-MA,Animation
325,325,Louie,2010,2015,8.5,22 ,79780,"Comedy, Drama",TV-MA,Comedy
326,326,Staged,2020,2022,8.5,22 ,7129,"Comedy, Drama",Not Rated,Comedy
327,327,The Prisoner,1967,1968,8.5,50 ,14298,"Drama, Mystery, Sci-Fi",TV-PG,Drama
328,328,This Country,2017,2020,8.5,21 ,6715,Comedy,TV-14,Comedy
329,329,Cracker,1993,1996,8.5,100 ,7169,"Crime, Drama, Mystery",TV-MA,Crime
330,330,The Larry Sanders Show,1992,1998,8.5,30 ,8751,Comedy,TV-MA,Comedy
331,331,Delhi Crime,2019,,8.5,50 ,23826,"Crime, Drama",TV-MA,Crime
332,332,Kolchak: The Night Stalker,1974,1975,8.5,51 ,5557,"Horror, Mystery, Thriller",TV-PG,Horror
333,333,"Auf Wiedersehen, Pet",1983,2004,8.5,60 ,3678,"Comedy, Drama",,Comedy
334,334,Hilda,2018,,8.5,24 ,11407,"Animation, Adventure, Comedy",TV-Y7,Animation
335,335,Whose Line Is It Anyway?,1998,2007,8.5,30 ,44291,"Comedy, Game-Show",TV-PG,Comedy
336,336,Black Books,2000,2004,8.5,25 ,59705,Comedy,TV-PG,Comedy
337,337,Avonlea,1990,1996,8.5,60 ,4515,"Adventure, Drama, Mystery",TV-G,Adventure
338,338,Love/Hate,2010,2014,8.5,51 ,6979,"Crime, Drama",,Crime
339,339,The New Batman Adventures,1997,1999,8.5,30 ,17750,"Animation, Action, Adventure",TV-PG,Animation
340,340,Rake,2010,2018,8.5,60 ,8139,"Comedy, Drama",Not Rated,Comedy
341,341,The Alfred Hitchcock Hour,1962,1965,8.5,50 ,4781,"Crime, Drama, Horror",TV-PG,Crime
342,342,Big Boys,2022,,8.5,24 ,2363,"Comedy, Drama",,Comedy
343,343,RuPaul's Drag Race All Stars,2012,,8.5,60 ,8800,"Game-Show, Reality-TV",TV-14,Game-Show
344,344,Grand Designs,1999,,8.5,50 ,3257,"Documentary, Reality-TV",TV-G,Documentary
345,345,Chef's Table,2015,2019,8.5,50 ,15953,Documentary,TV-MA,Documentary
346,346,Outrageous Fortune,2005,2010,8.5,45 ,2257,"Comedy, Crime, Drama",TV-MA,Comedy
347,347,Nana,2006,2007,8.5,21 ,4392,"Animation, Comedy, Drama",TV-MA,Animation
348,348,Please Like Me,2013,2016,8.5,29 ,18613,"Comedy, Drama, Romance",TV-MA,Comedy
349,349,The Tonight Show Starring Johnny Carson,1962,1992,8.5,105 ,3996,"Comedy, Talk-Show",TV-14,Comedy
350,350,This Life,1996,1997,8.5,45 ,2442,Drama,TV-MA,Drama
351,351,Time Team,1994,,8.5,55 ,1606,"Documentary, History",Not Rated,Documentary
352,352,The Incredible Dr. Pol,2011,,8.5,44 ,1819,"Documentary, Reality-TV",TV-PG,Documentary
353,353,People Just Do Nothing,2014,2018,8.5,30 ,7261,"Comedy, Music",TV-MA,Comedy
354,354,Queer Eye,2018,,8.5,45 ,19399,Reality-TV,TV-14,Reality-TV
355,355,Great Teacher Onizuka,1999,2000,8.5,24 ,9750,"Animation, Comedy, Drama",TV-MA,Animation
356,356,What's My Line?,1950,1967,8.5,30 ,1652,"Family, Game-Show",,Family
357,357,Anthony Bourdain: No Reservations,2005,2012,8.5,60 ,7360,"Adventure, Reality-TV",TV-PG,Adventure
358,358,The State,1993,2009,8.5,30 ,2879,Comedy,TV-14,Comedy
359,359,RuPaul's Drag Race UK,2019,,8.5,60 ,4208,"Game-Show, Reality-TV",TV-14,Game-Show
360,360,The Whitest Kids U'Know,2007,2011,8.5,15 ,5356,Comedy,TV-MA,Comedy
361,361,The Angry Video Game Nerd,2004,,8.5,35 ,15388,Comedy,TV-MA,Comedy
362,362,Der Tatortreiniger,2011,2018,8.5,26 ,7413,"Comedy, Crime",,Comedy
363,363,SCTV,1976,1981,8.5,30 ,2665,Comedy,TV-PG,Comedy
364,364,Physics Wallah,2022,,8.5,50 ,3659,"Biography, Drama",,Biography
365,365,Misaeng,2014,,8.5,60 ,2186,Drama,,Drama
366,366,Better Late Than Never,2016,2018,8.5,60 ,2346,"Documentary, Comedy",TV-14,Documentary
367,367,Men in Kilts: A Roadtrip with Sam and Graham,2021,,8.5,30 ,2367,"Documentary, Comedy, Reality-TV",TV-14,Documentary
368,368,Robotech,1985,,8.5,30 ,3762,"Animation, Action, Adventure",TV-Y7,Animation
369,369,InuYasha: The Final Act,2009,2010,8.5,24 ,3203,"Animation, Action, Adventure",TV-14,Animation
370,370,The Forsyte Saga,1967,,8.5,50 ,1061,"Drama, Romance",,Drama
371,371,The Three Stooges Show,1960,1972,8.5,90 ,1142,"Comedy, Family",TV-G,Comedy
372,372,All Elite Wrestling: Dynamite,2019,,8.5,120 ,1546,"Action, Sport",TV-14,Action
373,373,In Search of...,1976,1982,8.5,30 ,1042,"Documentary, Mystery, Sci-Fi",Not Rated,Documentary
374,374,The Colbert Report,2005,2014,8.5,30 ,38946,"Comedy, News, Talk-Show",TV-14,Comedy
375,375,Honest Trailers,2012,,8.5,5 ,4640,Comedy,TV-14,Comedy
376,376,Louis Theroux's Weird Weekends,1998,2000,8.5,60 ,3196,Documentary,Not Rated,Documentary
377,377,The Surgeon's Cut,2020,,8.5,,1091,Documentary,TV-14,Documentary
378,378,Norm Macdonald Has a Show,2018,,8.5,30 ,3709,"Comedy, Talk-Show",,Comedy
379,379,Monkey Dust,2003,2005,8.5,29 ,2185,"Animation, Comedy, Horror",TV-MA,Animation
380,380,Clark and Michael,2007,,8.5,,1700,Comedy,,Comedy
381,381,The Bugs Bunny/Road Runner Hour,1968,1978,8.5,55 ,10217,"Animation, Comedy",TV-G,Animation
382,382,Beautiful People,2008,2009,8.5,,1348,Comedy,,Comedy
383,383,Metal Evolution,2011,2014,8.5,,2560,"Documentary, Music",,Documentary
384,384,Série Noire,2014,,8.5,24 ,1058,"Comedy, Crime, Drama",,Comedy
385,385,TableTop,2012,2017,8.5,30 ,1151,"Comedy, Game-Show",,Comedy
386,386,Barely Speaking with Arnub,2014,,8.5,,1491,"Comedy, News, Talk-Show",,Comedy
387,387,The Being Frank Show,2010,,8.5,,6723,Talk-Show,,Talk-Show
388,388,Chapter 2,2018,,8.5,44 ,3359,Drama,,Drama
389,389,The Legend of Vox Machina,2022,,8.4,30 ,30415,"Animation, Action, Adventure",TV-MA,Animation
390,390,Supernatural,2005,2020,8.4,44 ,451350,"Drama, Fantasy, Horror",TV-14,Drama
391,391,Andor,2022,,8.4,40 ,119754,"Action, Adventure, Drama",TV-14,Action
392,392,Euphoria,2019,,8.4,55 ,193932,Drama,TV-MA,Drama
393,393,Outlander,2014,,8.4,60 ,162382,"Drama, Fantasy, Romance",TV-MA,Drama
394,394,The Bear,2022,,8.4,30 ,80737,"Comedy, Drama",TV-MA,Comedy
395,395,The Handmaid's Tale,2017,,8.4,60 ,243015,"Drama, Sci-Fi, Thriller",TV-MA,Drama
396,396,Psych,2006,2014,8.4,44 ,99457,"Comedy, Crime, Mystery",TV-PG,Comedy
397,397,Fringe,2008,2013,8.4,46 ,245122,"Drama, Mystery, Sci-Fi",TV-14,Drama
398,398,Brooklyn Nine-Nine,2013,2021,8.4,22 ,323923,"Comedy, Crime",TV-14,Comedy
399,399,My Hero Academia,2016,,8.4,24 ,65740,"Animation, Action, Adventure",TV-14,Animation
400,400,Banshee,2013,2016,8.4,60 ,107428,"Action, Crime, Drama",TV-MA,Action
401,401,Scrubs,2001,2010,8.4,22 ,259176,"Comedy, Drama",TV-14,Comedy
402,402,Luther,2010,2019,8.4,60 ,139156,"Crime, Drama, Mystery",TV-MA,Crime
403,403,Barry,2018,,8.4,30 ,86064,"Action, Comedy, Crime",TV-MA,Action
404,404,Billions,2016,,8.4,60 ,95906,Drama,TV-MA,Drama
405,405,24,2001,2010,8.4,44 ,188869,"Action, Crime, Drama",TV-14,Action
406,406,Star Wars: The Clone Wars,2008,2020,8.4,23 ,101120,"Animation, Action, Adventure",TV-PG,Animation
407,407,Stargate SG-1,1997,2007,8.4,44 ,95324,"Action, Adventure, Drama",TV-14,Action
408,408,Star Trek,1966,1969,8.4,50 ,85793,"Action, Adventure, Sci-Fi",TV-PG,Action
409,409,M*A*S*H,1972,1983,8.4,25 ,58811,"Comedy, Drama, War",TV-PG,Comedy
410,410,After Life,2019,2022,8.4,30 ,139244,"Comedy, Drama",TV-MA,Comedy
411,411,"Love, Death & Robots",2019,,8.4,15 ,173713,"Animation, Short, Action",TV-MA,Animation
412,412,The Americans,2013,2018,8.4,44 ,101781,"Crime, Drama, Mystery",TV-MA,Crime
413,413,The Good Wife,2009,2016,8.4,43 ,77469,"Crime, Drama, Mystery",TV-14,Crime
414,414,Veronica Mars,2004,2019,8.4,44 ,74615,"Crime, Drama, Mystery",TV-14,Crime
415,415,Doc Martin,2004,2022,8.4,46 ,17604,"Comedy, Drama, Romance",TV-14,Comedy
416,416,Veep,2012,2019,8.4,28 ,57564,Comedy,TV-MA,Comedy
417,417,Broadchurch,2013,2017,8.4,48 ,115903,"Crime, Drama, Mystery",TV-MA,Crime
418,418,Narcos: Mexico,2018,2021,8.4,50 ,85931,"Crime, Drama",TV-MA,Crime
419,419,The Andy Griffith Show,1960,1968,8.4,30 ,15524,"Comedy, Family",TV-G,Comedy
420,420,Last Tango in Halifax,2012,2020,8.4,60 ,7580,"Comedy, Drama, Romance",TV-14,Comedy
421,421,Top Boy,2011,,8.4,60 ,27113,"Crime, Drama, Thriller",TV-MA,Crime
422,422,The Owl House,2020,2023,8.4,22 ,13427,"Animation, Action, Adventure",TV-Y7-FV,Animation
423,423,Doctor Who,1963,1989,8.4,45 ,37897,"Adventure, Drama, Family",TV-PG,Adventure
424,424,American Crime Story,2016,,8.4,42 ,96167,"Biography, Crime, Drama",TV-MA,Biography
425,425,The Legend of Korra,2012,2014,8.4,23 ,124441,"Animation, Action, Adventure",TV-PG,Animation
426,426,Warrior,2019,,8.4,60 ,27483,"Action, Crime, Drama",TV-MA,Action
427,427,All in the Family,1971,1979,8.4,30 ,17218,"Comedy, Drama",TV-PG,Comedy
428,428,Pachinko,2022,,8.4,55 ,9287,Drama,TV-MA,Drama
429,429,The Wonder Years,1988,1993,8.4,22 ,38630,"Comedy, Drama, Family",TV-PG,Comedy
430,430,Babylon 5,1993,1998,8.4,45 ,32317,"Action, Adventure, Drama",TV-PG,Action
431,431,Ash vs Evil Dead,2015,2018,8.4,30 ,74921,"Action, Comedy, Fantasy",TV-MA,Action
432,432,Upright,2019,,8.4,30 ,5185,"Comedy, Drama",Not Rated,Comedy
433,433,Brassic,2019,,8.4,43 ,10084,"Comedy, Drama",TV-MA,Comedy
434,434,Red Dwarf,1988,,8.4,30 ,35623,"Comedy, Sci-Fi",TV-14,Comedy
435,435,Made in Abyss,2017,,8.4,325 ,12145,"Animation, Action, Adventure",TV-14,Animation
436,436,All Creatures Great and Small,1978,1990,8.4,50 ,3905,"Comedy, Drama",TV-PG,Comedy
437,437,The Dick Van Dyke Show,1961,1966,8.4,30 ,10949,"Comedy, Family",TV-G,Comedy
438,438,The Inbetweeners,2008,2010,8.4,25 ,89537,Comedy,TV-14,Comedy
439,439,Utopia,2013,2014,8.4,50 ,47757,"Drama, Mystery, Sci-Fi",TV-MA,Drama
440,440,Broad City,2014,2019,8.4,22 ,33102,Comedy,TV-14,Comedy
441,441,This Is Going to Hurt,2022,,8.4,45 ,13722,"Comedy, Drama",TV-14,Comedy
442,442,Pushing Daisies,2007,2009,8.4,44 ,57668,"Comedy, Drama, Fantasy",TV-PG,Comedy
443,443,Carnivàle,2003,2005,8.4,55 ,45315,"Drama, Fantasy, Mystery",TV-MA,Drama
444,444,Halt and Catch Fire,2014,2017,8.4,60 ,33096,Drama,TV-14,Drama
445,445,Alone,2015,,8.4,44 ,5879,"Documentary, Game-Show, Reality-TV",TV-14,Documentary
446,446,My So-Called Life,1994,1995,8.4,60 ,21096,"Comedy, Drama, Romance",TV-14,Comedy
447,447,'Allo 'Allo!,1982,1992,8.4,45 ,25841,"Comedy, History, War",,Comedy
448,448,X-Men: The Animated Series,1992,1997,8.4,23 ,44306,"Animation, Action, Adventure",TV-Y7,Animation
449,449,Whose Line Is It Anyway?,2013,,8.4,22 ,8831,"Comedy, Game-Show",TV-PG,Comedy
450,450,Wayne,2019,,8.4,30 ,16561,"Action, Comedy",TV-MA,Action
451,451,Sharpe,1993,2008,8.4,,1572,"Action, Adventure, Drama",TV-14,Action
452,452,The Dark Crystal: Age of Resistance,2019,,8.4,60 ,25529,"Animation, Adventure, Drama",TV-PG,Animation
453,453,Have Gun - Will Travel,1957,1963,8.4,25 ,2983,Western,Approved,Western
454,454,Combat!,1962,1967,8.4,60 ,2844,"Action, Drama, War",,Action
455,455,Life on Mars,2006,2007,8.4,60 ,31064,"Crime, Drama, Mystery",TV-14,Crime
456,456,Australian Survivor,2016,,8.4,60 ,1096,"Adventure, Game-Show, Reality-TV",,Adventure
457,457,Spider-Man: The Animated Series,1994,1998,8.4,23 ,32524,"Animation, Action, Adventure",TV-Y,Animation
458,458,The Graham Norton Show,2007,,8.4,60 ,12382,"Comedy, Music, Talk-Show",TV-14,Comedy
459,459,Corner Gas,2004,2009,8.4,30 ,7630,Comedy,TV-14,Comedy
460,460,Julie and the Phantoms,2020,,8.4,,10620,"Adventure, Comedy, Drama",TV-G,Adventure
461,461,The Mighty Boosh,2003,2007,8.4,30 ,22937,"Comedy, Fantasy, Musical",TV-PG,Comedy
462,462,Mr. Show with Bob and David,1995,1998,8.4,27 ,10041,Comedy,TV-MA,Comedy
463,463,The Muppet Show,1976,1981,8.4,30 ,25057,"Comedy, Family, Music",TV-G,Comedy
464,464,Trollhunters: Tales of Arcadia,2016,2018,8.4,23 ,17510,"Animation, Action, Adventure",TV-Y7,Animation
465,465,The Kids in the Hall,1988,2021,8.4,25 ,10666,Comedy,TV-14,Comedy
466,466,Infinity Train,2019,2021,8.4,11 ,8213,"Animation, Action, Adventure",TV-PG,Animation
467,467,"Upstairs, Downstairs",1971,1975,8.4,60 ,3303,Drama,TV-14,Drama
468,468,Jeeves and Wooster,1990,1993,8.4,55 ,12661,Comedy,TV-PG,Comedy
469,469,The League of Gentlemen,1999,2017,8.4,60 ,11568,"Comedy, Horror",TV-MA,Comedy
470,470,Invader ZIM,2001,2006,8.4,24 ,21726,"Animation, Action, Adventure",TV-Y7,Animation
471,471,Kath & Kim,2002,2007,8.4,26 ,4565,Comedy,Not Rated,Comedy
472,472,Just Add Magic,2015,2019,8.4,27 ,3094,"Comedy, Drama, Family",TV-Y,Comedy
473,473,The Disastrous Life of Saiki K.,2016,2018,8.4,24 ,8293,"Animation, Comedy, Fantasy",TV-14,Animation
474,474,The Magical World of Disney,1954,1997,8.4,120 ,2090,"Adventure, Drama, Family",TV-G,Adventure
475,475,Between Two Ferns with Zach Galifianakis,2008,,8.4,4 ,8947,"Short, Comedy, Talk-Show",TV-14,Short
476,476,The Adventures of Pete & Pete,1992,1996,8.4,30 ,9617,"Comedy, Drama, Family",TV-Y,Comedy
477,477,So Weird,1999,2001,8.4,30 ,3091,"Adventure, Family, Mystery",TV-Y7,Adventure
478,478,Bodies,2004,2006,8.4,60 ,1288,Drama,,Drama
479,479,Police Squad!,1982,,8.4,24 ,18963,"Comedy, Crime",TV-PG,Comedy
480,480,Green Wing,2004,2007,8.4,65 ,12257,"Comedy, Drama",TV-14,Comedy
481,481,Scissor Seven,2018,,8.4,13 ,3236,"Animation, Action, Adventure",TV-14,Animation
482,482,My Mad Fat Diary,2013,2015,8.4,47 ,18044,"Comedy, Drama, Romance",TV-MA,Comedy
483,483,Robin Hood,1984,1986,8.4,60 ,4590,"Action, Drama, Fantasy",TV-PG,Action
484,484,Inside Look: The People v. O.J. Simpson - American Crime Story,2016,,8.4,5 ,26612,"Documentary, Short",TV-14,Documentary
485,485,Any Day Now,1998,2002,8.4,60 ,1022,Drama,,Drama
486,486,Hard Knocks,2001,,8.4,55 ,2267,"Documentary, Reality-TV, Sport",TV-MA,Documentary
487,487,Terriers,2010,,8.4,45 ,10969,"Comedy, Crime, Drama",TV-MA,Comedy
488,488,"Gordon, Gino & Fred's Road Trip",2018,,8.4,45 ,1601,"Adventure, Comedy, Reality-TV",,Adventure
489,489,Last Chance U,2016,2020,8.4,55 ,7150,"Documentary, Sport",TV-MA,Documentary
490,490,A Nero Wolfe Mystery,2001,2002,8.4,46 ,1809,"Action, Drama, Mystery",TV-PG,Action
491,491,The Phil Silvers Show,1955,1959,8.4,30 ,1630,"Comedy, Family",TV-G,Comedy
492,492,Reading Rainbow,1983,2006,8.4,30 ,4818,Family,TV-Y,Family
493,493,Car Masters: Rust to Riches,2018,,8.4,40 ,11017,Reality-TV,TV-PG,Reality-TV
494,494,Rumpole of the Bailey,1978,1992,8.4,60 ,1509,"Crime, Drama, Mystery",Not Rated,Crime
495,495,Review,2014,2017,8.4,30 ,6103,Comedy,TV-14,Comedy
496,496,Monkey,1978,2004,8.4,,1886,"Action, Family, Adventure",,Action
497,497,Selena + Chef,2020,,8.4,,1535,Reality-TV,TV-PG,Reality-TV
498,498,Red vs. Blue,2003,,8.4,6 ,9527,"Animation, Short, Action",TV-MA,Animation
499,499,Wonder Showzen,2000,2007,8.4,30 ,4675,"Animation, Comedy",TV-MA,Animation
500,500,Star Blazers,1979,1984,8.4,22 ,1453,"Animation, Action, Adventure",,Animation
501,501,Hip-Hop Evolution,2016,,8.4,90 ,6146,"Documentary, Music",TV-MA,Documentary
502,502,The Late Late Show with Craig Ferguson,2005,2015,8.4,40 ,11194,"Comedy, Music, Talk-Show",TV-14,Comedy
503,503,Swat Kats: The Radical Squadron,1993,1995,8.4,22 ,4513,"Animation, Action, Family",TV-PG,Animation
504,504,The Ricky Gervais Show,2010,2012,8.4,30 ,16802,"Animation, Comedy, Talk-Show",TV-MA,Animation
505,505,Top Gear,1978,2002,8.4,30 ,25013,Documentary,TV-PG,Documentary
506,506,Disney Gallery: The Mandalorian,2020,,8.4,33 ,3004,Documentary,TV-14,Documentary
507,507,SCTV Network,1981,1983,8.4,90 ,2067,Comedy,TV-PG,Comedy
508,508,Nowhere Man,1995,1996,8.4,44 ,1849,"Mystery, Sci-Fi, Thriller",,Mystery
509,509,"I'm Sorry, I Love You",2004,,8.4,70 ,1226,"Drama, Romance",,Drama
510,510,Look Around You,2002,2005,8.4,30 ,2807,Comedy,TV-PG,Comedy
511,511,Playmakers,2003,,8.4,491 ,1403,"Crime, Drama, Sport",TV-MA,Crime
512,512,Keen Eddie,2003,2004,8.4,44 ,2297,"Comedy, Crime, Drama",TV-14,Comedy
513,513,The Bugs Bunny/Looney Tunes Comedy Hour,1985,1986,8.4,45 ,16912,"Animation, Family, Comedy",,Animation
514,514,Exosquad,1993,1995,8.4,30 ,1193,"Animation, Drama, Sci-Fi",TV-Y7,Animation
515,515,Saber Rider and the Star Sheriffs,1987,1988,8.4,23 ,2474,"Animation, Action, Adventure",Not Rated,Animation
516,516,Game Grumps,2012,,8.4,,1969,Comedy,TV-MA,Comedy
517,517,James May's Cars of the People,2014,2016,8.4,,1061,Documentary,,Documentary
518,518,Bad Unboxing,2014,,8.4,,1944,"Comedy, Reality-TV",TV-MA,Comedy
519,519,Kickstarter Crap,2013,,8.4,,1521,"Comedy, Talk-Show",TV-MA,Comedy
520,520,Lost,2004,2010,8.3,44 ,559641,"Adventure, Drama, Fantasy",TV-14,Adventure
521,521,How I Met Your Mother,2005,2014,8.3,22 ,691425,"Comedy, Romance",TV-14,Comedy
522,522,Buffy the Vampire Slayer,1997,2003,8.3,44 ,149696,"Action, Drama, Fantasy",TV-14,Action
523,523,Columbo,1971,2003,8.3,100 ,36792,"Crime, Drama, Mystery",TV-PG,Crime
524,524,Sex Education,2019,,8.3,45 ,289687,"Comedy, Drama",TV-MA,Comedy
525,525,The Morning Show,2019,,8.3,60 ,105119,Drama,TV-MA,Drama
526,526,Bad Sisters,2022,,8.3,53 ,20584,"Comedy, Drama, Thriller",TV-MA,Comedy
527,527,The Leftovers,2014,2017,8.3,60 ,101349,"Drama, Fantasy, Mystery",TV-MA,Drama
528,528,Prison Break,2005,2017,8.3,44 ,542875,"Action, Crime, Drama",TV-14,Action
529,529,Homeland,2011,2020,8.3,55 ,345489,"Crime, Drama, Mystery",TV-MA,Crime
530,530,Perry Mason,1957,1966,8.3,60 ,10020,"Crime, Drama, Mystery",TV-PG,Crime
531,531,Ghosts,2019,,8.3,30 ,18593,"Comedy, Fantasy",TV-14,Comedy
532,532,Peacemaker,2022,,8.3,40 ,115078,"Action, Adventure, Comedy",TV-MA,Action
533,533,The Originals,2013,2018,8.3,45 ,138503,"Drama, Fantasy, Horror",TV-14,Drama
534,534,White Collar,2009,2014,8.3,40 ,133612,"Comedy, Crime, Drama",TV-PG,Comedy
535,535,The Good Fight,2017,2022,8.3,45 ,29419,"Crime, Drama",TV-MA,Crime
536,536,Leverage: Redemption,2021,,8.3,,18911,"Crime, Mystery, Thriller",TV-14,Crime
537,537,The Killing,2011,2014,8.3,45 ,114300,"Crime, Drama, Mystery",TV-14,Crime
538,538,Longmire,2012,2017,8.3,60 ,36679,"Action, Crime, Drama",TV-14,Action
539,539,Ray Donovan,2013,2020,8.3,60 ,88520,"Crime, Drama",TV-MA,Crime
540,540,Californication,2007,2014,8.3,28 ,182961,"Comedy, Drama",TV-MA,Comedy
541,541,Unforgotten,2015,,8.3,45 ,24027,"Crime, Drama, Mystery",TV-MA,Crime
542,542,30 Rock,2006,2013,8.3,22 ,125923,Comedy,TV-14,Comedy
543,543,Parenthood,2010,2015,8.3,60 ,35765,"Comedy, Drama",TV-PG,Comedy
544,544,Poldark,2015,2019,8.3,60 ,32848,"Drama, Romance",TV-14,Drama
545,545,Taboo,2017,,8.3,59 ,140772,"Drama, Mystery, Thriller",TV-MA,Drama
546,546,Cyberpunk: Edgerunners,2022,,8.3,24 ,52374,"Animation, Action, Adventure",TV-MA,Animation
547,547,Winning Time: The Rise of the Lakers Dynasty,2022,,8.3,59 ,20907,"Biography, Drama, Sport",TV-MA,Biography
548,548,Northern Exposure,1990,1995,8.3,60 ,17302,"Comedy, Drama",TV-PG,Comedy
549,549,Julia,2022,,8.3,45 ,8667,"Biography, Drama",TV-MA,Biography
550,550,Castlevania,2017,2021,8.3,23 ,68257,"Animation, Action, Adventure",TV-MA,Animation
551,551,Why Women Kill,2019,2021,8.3,50 ,24949,"Comedy, Crime, Drama",TV-MA,Comedy
552,552,Barney Miller,1975,1982,8.3,30 ,6474,"Comedy, Drama",TV-PG,Comedy
553,553,Eastbound & Down,2009,2013,8.3,28 ,59478,"Comedy, Drama, Sport",TV-MA,Comedy
554,554,MI-5,2002,2011,8.3,60 ,16929,"Action, Crime, Drama",TV-14,Action
555,555,Wu-Tang: An American Saga,2019,,8.3,49 ,8694,"Biography, Drama",TV-MA,Biography
556,556,Farscape,1999,2003,8.3,50 ,37960,"Action, Adventure, Drama",TV-14,Action
557,557,Dave,2020,,8.3,30 ,20090,"Comedy, Music",TV-MA,Comedy
558,558,Hell on Wheels,2011,2016,8.3,42 ,53022,"Drama, Western",TV-14,Drama
559,559,The League,2009,2015,8.3,22 ,49754,"Comedy, Sport",TV-MA,Comedy
560,560,The Amazing World of Gumball,2011,2019,8.3,11 ,34070,"Animation, Short, Adventure",TV-Y7-FV,Animation
561,561,The Avengers,1961,1969,8.3,,8154,"Action, Comedy, Crime",TV-14,Action
562,562,Dragon Ball Super,2015,2018,8.3,24 ,31323,"Animation, Action, Adventure",TV-PG,Animation
563,563,Orphan Black,2013,2017,8.3,44 ,112296,"Drama, Sci-Fi, Thriller",TV-MA,Drama
564,564,Blue Mountain State,2010,2011,8.3,22 ,54797,"Comedy, Sport",TV-MA,Comedy
565,565,Rescue Me,2004,2011,8.3,42 ,26874,"Comedy, Drama",TV-MA,Comedy
566,566,Key and Peele,2012,2015,8.3,30 ,23042,"Action, Adventure, Comedy",TV-14,Action
567,567,The Rifleman,1958,1963,8.3,30 ,4473,"Family, Western",TV-PG,Family
568,568,Prime Suspect,1991,2006,8.3,207 ,8309,"Crime, Drama, Mystery",TV-14,Crime
569,569,Sprung,2022,,8.3,35 ,4404,Comedy,,Comedy
570,570,The Dragon Prince,2018,,8.3,26 ,24427,"Animation, Action, Adventure",TV-Y7,Animation
571,571,DuckTales,2017,2021,8.3,21 ,10476,"Animation, Action, Adventure",TV-Y,Animation
572,572,Amphibia,2019,2022,8.3,23 ,6816,"Animation, Action, Adventure",TV-Y7,Animation
573,573,Salute Your Shorts,1991,1992,8.3,30 ,5793,"Comedy, Drama, Family",TV-G,Comedy
574,574,Extras,2005,2007,8.3,30 ,58007,"Comedy, Drama",TV-MA,Comedy
575,575,As Time Goes By,1992,2005,8.3,60 ,4572,"Comedy, Romance",TV-PG,Comedy
576,576,Wire in the Blood,2002,2009,8.3,69 ,8640,"Crime, Drama, Mystery",TV-MA,Crime
577,577,Treme,2010,2013,8.3,55 ,15130,"Drama, Music",TV-MA,Drama
578,578,Life,2007,2009,8.3,45 ,34404,"Crime, Drama, Mystery",TV-14,Crime
579,579,In Treatment,2008,2021,8.3,25 ,17622,Drama,TV-MA,Drama
580,580,Somebody Feed Phil,2018,,8.3,60 ,5898,Documentary,TV-14,Documentary
581,581,Rectify,2013,2016,8.3,60 ,26689,Drama,TV-14,Drama
582,582,A Place to Call Home,2013,2018,8.3,60 ,5742,Drama,Not Rated,Drama
583,583,Courage the Cowardly Dog,1999,2002,8.3,11 ,46578,"Animation, Adventure, Comedy",TV-Y7,Animation
584,584,Tour of Duty,1987,1990,8.3,47 ,4557,"Action, Drama, War",TV-14,Action
585,585,Match Game,1973,1990,8.3,30 ,2296,"Comedy, Game-Show",TV-PG,Comedy
586,586,MythBusters,2003,2018,8.3,44 ,53221,"Documentary, Mystery, Reality-TV",TV-PG,Documentary
587,587,Studio 60 on the Sunset Strip,2006,2007,8.3,44 ,24438,"Comedy, Drama",TV-14,Comedy
588,588,The Daily Show,1996,,8.3,22 ,47478,"Comedy, News, Talk-Show",TV-14,Comedy
589,589,"The Adventures of Brisco County, Jr.",1993,1994,8.3,45 ,8787,"Action, Adventure, Comedy",TV-14,Action
590,590,Cranford,2007,2010,8.3,469 ,9968,Drama,TV-PG,Drama
591,591,Offspring,2010,2017,8.3,60 ,5119,"Comedy, Drama",TV-MA,Comedy
592,592,Bottom,1991,1995,8.3,30 ,13425,Comedy,TV-MA,Comedy
593,593,Mum,2016,2019,8.3,30 ,3205,Comedy,TV-14,Comedy
594,594,Utopia,2014,,8.3,27 ,2262,Comedy,,Comedy
595,595,The Spectacular Spider-Man,2008,2009,8.3,23 ,16373,"Animation, Action, Adventure",TV-Y7,Animation
596,596,SAS: Who Dares Wins,2015,,8.3,47 ,1296,Reality-TV,,Reality-TV
597,597,Porridge,1974,1977,8.3,45 ,6399,"Comedy, Crime",TV-14,Comedy
598,598,Metalocalypse,2006,2013,8.3,11 ,17229,"Animation, Comedy, Music",TV-MA,Animation
599,599,The Time in Between,2013,2014,8.3,853 ,4338,"Adventure, Drama, History",,Adventure
600,600,Faerie Tale Theatre,1982,1987,8.3,50 ,2335,"Adventure, Comedy, Family",,Adventure
601,601,Crime Story,1986,1988,8.3,60 ,3074,"Crime, Drama, Mystery",TV-14,Crime
602,602,Forged in Fire,2015,,8.3,42 ,3882,"Game-Show, Reality-TV",TV-PG,Game-Show
603,603,The Avengers: Earth's Mightiest Heroes,2010,2012,8.3,30 ,15350,"Animation, Action, Adventure",TV-Y7,Animation
604,604,Made in Heaven,2019,,8.3,50 ,11374,"Drama, Romance",Not Rated,Drama
605,605,Last Chance U: Basketball,2021,,8.3,60 ,3099,"Documentary, Sport",TV-MA,Documentary
606,606,An Idiot Abroad,2010,2012,8.3,43 ,33049,"Documentary, Adventure, Comedy",TV-14,Documentary
607,607,Sports Night,1998,2000,8.3,30 ,8285,"Comedy, Drama, Sport",TV-PG,Comedy
608,608,Kipo and the Age of Wonderbeasts,2020,,8.3,24 ,6223,"Animation, Action, Adventure",TV-Y7,Animation
609,609,Poldark,1975,1977,8.3,60 ,1126,"Drama, History, Romance",TV-MA,Drama
610,610,Jeopardy!,1984,,8.3,30 ,7660,Game-Show,TV-G,Game-Show
611,611,Hot Ones,2015,,8.3,,1699,"Comedy, Talk-Show",TV-14,Comedy
612,612,Who Is America?,2018,,8.3,30 ,19353,Comedy,TV-MA,Comedy
613,613,Civil Servant,2019,,8.3,47 ,2809,"Action, Crime, Drama",,Action
614,614,The Pirates of Dark Water,1991,1992,8.3,30 ,2679,"Animation, Action, Adventure",TV-Y7,Animation
615,615,The Adventures of Tintin,1991,1992,8.3,30 ,18422,"Animation, Action, Adventure",TV-Y7,Animation
616,616,Wonderfalls,2004,,8.3,60 ,12809,"Comedy, Drama, Fantasy",TV-PG,Comedy
617,617,Ellery Queen,1975,1976,8.3,100 ,1404,"Crime, Drama, Family",TV-PG,Crime
618,618,Zach Stone Is Gonna Be Famous,2013,,8.3,21 ,3996,Comedy,TV-14,Comedy
619,619,Car Share,2015,2020,8.3,30 ,5218,Comedy,,Comedy
620,620,Love My Way,2004,2007,8.3,50 ,1232,"Drama, Romance",TV-14,Drama
621,621,Welcome to the N.H.K.,2006,,8.3,24 ,7114,"Animation, Comedy, Drama",TV-MA,Animation
622,622,The Life & Times of Tim,2008,2012,8.3,900 ,6623,"Animation, Comedy",TV-MA,Animation
623,623,The Street,2006,2009,8.3,60 ,1232,Drama,TV-MA,Drama
624,624,Gortimer Gibbon's Life on Normal Street,2014,2016,8.3,23 ,1549,"Adventure, Family, Fantasy",TV-Y7,Adventure
625,625,Nichijou: My Ordinary Life,2011,,8.3,24 ,3086,"Animation, Comedy",TV-14,Animation
626,626,Danger 5,2011,2015,8.3,24 ,4737,"Action, Adventure, Comedy",TV-14,Action
627,627,Abstract: The Art of Design,2017,,8.3,45 ,5625,Documentary,TV-14,Documentary
628,628,A Bit of Fry and Laurie,1987,1995,8.3,30 ,9642,Comedy,TV-PG,Comedy
629,629,A Crime to Remember,2013,2018,8.3,45 ,1254,"Documentary, Crime",TV-14,Documentary
630,630,George Carlin's American Dream,2022,,8.3,217 ,3449,"Documentary, Biography, Comedy",TV-MA,Documentary
631,631,The Duchess of Duke Street,1976,1977,8.3,50 ,1440,Drama,TV-PG,Drama
632,632,Life with Louie,1994,1998,8.3,30 ,7993,"Animation, Adventure, Comedy",TV-Y,Animation
633,633,How Not to Live Your Life,2007,2011,8.3,28 ,5970,Comedy,,Comedy
634,634,Medal of Honor,2018,,8.3,60 ,1786,"Documentary, War",TV-MA,Documentary
635,635,HarmonQuest,2016,2019,8.3,23 ,2277,"Animation, Adventure, Comedy",TV-PG,Animation
636,636,The Profit,2013,2021,8.3,43 ,1587,"Game-Show, Reality-TV",,Game-Show
637,637,The Lucy-Desi Comedy Hour,1957,1960,8.3,60 ,1188,"Comedy, Family",,Comedy
638,638,The Animals of Farthing Wood,1993,1995,8.3,25 ,3473,"Animation, Adventure, Drama",TV-Y7,Animation
639,639,Gravity Falls Shorts,2013,2014,8.3,2 ,2764,"Animation, Short, Adventure",TV-Y7,Animation
640,640,Doraemon,2005,,8.3,30 ,3284,"Animation, Comedy, Drama",TV-PG,Animation
641,641,Azumanga Daioh: The Animation,2002,,8.3,24 ,3132,"Animation, Comedy",TV-PG,Animation
642,642,Action,1999,2000,8.3,30 ,1522,Comedy,TV-MA,Comedy
643,643,Garrow's Law,2009,2011,8.3,,1175,"Biography, Drama, History",,Biography
644,644,The Job,2001,2002,8.3,30 ,1969,"Comedy, Crime",,Comedy
645,645,Goodness Gracious Me,1998,2015,8.3,45 ,1230,Comedy,,Comedy
646,646,Limmy's Show!,2009,2013,8.3,,1962,Comedy,TV-MA,Comedy
647,647,Patriot Act with Hasan Minhaj,2018,2020,8.3,25 ,7630,"Comedy, News, Talk-Show",TV-MA,Comedy
648,648,Beck: Mongolian Chop Squad,2004,2005,8.3,25 ,2492,"Animation, Drama, Music",TV-MA,Animation
649,649,Earth at Night in Color,2020,,8.3,30 ,1452,Documentary,TV-PG,Documentary
650,650,Minuscule,2006,,8.3,5 ,1463,"Animation, Comedy",TV-G,Animation
651,651,Mid Morning Matters with Alan Partridge,2010,2016,8.3,,3081,Comedy,TV-PG,Comedy
652,652,What the Folks,2017,,8.3,25 ,2815,"Comedy, Drama",,Comedy
653,653,Surviving Jack,2014,,8.3,30 ,4877,Comedy,TV-14,Comedy
654,654,Megas XLR,2004,2005,8.3,30 ,5987,"Animation, Short, Action",TV-Y7-FV,Animation
655,655,The Cheat,2017,2020,8.3,20 ,5697,"Action, Drama, Sci-Fi",,Action
656,656,Meerkat Manor,2005,2008,8.3,26 ,1264,Documentary,TV-14,Documentary
657,657,"Montevideo, Bog te video!",2012,2014,8.3,50 ,3113,"Adventure, Comedy, Drama",,Adventure
658,658,Sugarland,2019,,8.3,,35641,"Animation, Comedy, Family",,Animation
659,659,Chris Stuckmann Movie Reviews,2011,2022,8.3,,1701,"Comedy, Talk-Show",,Comedy
660,660,I Hate Everything,2013,,8.3,,3639,"Animation, Comedy, Talk-Show",TV-MA,Animation
661,661,The Julekalender,1991,,8.3,15 ,2345,"Comedy, Music",,Comedy
662,662,The Bugs Bunny/Road Runner Show,1978,1985,8.3,90 ,2118,"Animation, Comedy",,Animation
663,663,Merrie Melodies: Starring Bugs Bunny and Friends,1990,1993,8.3,23 ,1447,"Animation, Family, Comedy",,Animation
664,664,The Trixie & Katya Show,2017,2018,8.3,,1118,Comedy,TV-MA,Comedy
665,665,Ross Kemp on Gangs,2005,,8.3,,1014,"Documentary, Crime",,Documentary
666,666,Wednesday,2022,,8.2,45 ,270669,"Comedy, Crime, Fantasy",TV-14,Comedy
667,667,Mayor of Kingstown,2021,,8.2,,30536,"Crime, Drama, Thriller",TV-MA,Crime
668,668,Cunk on Earth,2022,,8.2,29 ,7764,"Documentary, Comedy",TV-MA,Documentary
669,669,The Big Bang Theory,2007,2019,8.2,22 ,817792,"Comedy, Romance",TV-PG,Comedy
670,670,Abbott Elementary,2021,,8.2,22 ,20938,Comedy,TV-PG,Comedy
671,671,Family Guy,1999,,8.2,22 ,345201,"Animation, Comedy",TV-MA,Animation
672,672,Gilmore Girls,2000,2007,8.2,44 ,131155,"Comedy, Drama",TV-PG,Comedy
673,673,Frasier,1993,2004,8.2,22 ,86492,Comedy,TV-PG,Comedy
674,674,Money Heist,2017,2021,8.2,70 ,485570,"Action, Crime, Drama",TV-MA,Action
675,675,Party Down,2009,2023,8.2,30 ,32508,"Comedy, Drama",TV-14,Comedy
676,676,Star Trek: Strange New Worlds,2022,,8.2,52 ,33280,"Action, Adventure, Sci-Fi",TV-PG,Action
677,677,Bob's Burgers,2011,,8.2,22 ,83580,"Animation, Comedy",TV-14,Animation
678,678,Loki,2021,,8.2,53 ,325374,"Action, Adventure, Fantasy",TV-14,Action
679,679,Chuck,2007,2012,8.2,43 ,140359,"Action, Comedy, Drama",TV-14,Action
680,680,Murdoch Mysteries,2008,,8.2,48 ,15089,"Crime, Drama, Mystery",TV-PG,Crime
681,681,The Good Place,2016,2020,8.2,22 ,165557,"Comedy, Drama, Fantasy",TV-PG,Comedy
682,682,Animal Kingdom,2016,2022,8.2,60 ,39973,"Crime, Drama",TV-MA,Crime
683,683,Snowfall,2017,2023,8.2,44 ,19302,"Crime, Drama",TV-MA,Crime
684,684,SpongeBob SquarePants,1999,,8.2,23 ,101331,"Animation, Comedy, Family",TV-Y7,Animation
685,685,Shetland,2013,,8.2,60 ,19823,"Crime, Drama, Mystery",TV-14,Crime
686,686,Black Sails,2014,2017,8.2,56 ,106654,"Action, Adventure, Drama",TV-MA,Action
687,687,The Great,2020,,8.2,45 ,43743,"Biography, Comedy, Drama",TV-MA,Biography
688,688,Watchmen,2019,,8.2,527 ,122943,"Crime, Drama, Mystery",TV-MA,Crime
689,689,Inspector Morse,1987,2000,8.2,100 ,12720,"Crime, Drama, Mystery",TV-14,Crime
690,690,Hacks,2021,,8.2,30 ,31944,"Comedy, Drama",TV-MA,Comedy
691,691,Welcome to Wrexham,2022,,8.2,28 ,11267,"Documentary, Sport",TV-MA,Documentary
692,692,Skins,2007,2013,8.2,46 ,86583,Drama,TV-MA,Drama
693,693,Quantum Leap,1989,1993,8.2,60 ,33616,"Action, Adventure, Drama",TV-PG,Action
694,694,Grace and Frankie,2015,2022,8.2,30 ,53301,Comedy,TV-MA,Comedy
695,695,Legion,2017,2019,8.2,60 ,92509,"Action, Drama, Sci-Fi",TV-MA,Action
696,696,Sense8,2015,2018,8.2,60 ,156287,"Drama, Mystery, Sci-Fi",TV-MA,Drama
697,697,Penny Dreadful,2014,2016,8.2,60 ,124350,"Drama, Fantasy, Horror",TV-MA,Drama
698,698,Atypical,2017,2021,8.2,30 ,92222,"Comedy, Drama",TV-MA,Comedy
699,699,The Rockford Files,1974,1980,8.2,50 ,9644,"Crime, Drama, Mystery",TV-PG,Crime
700,700,Dirk Gently's Holistic Detective Agency,2016,2017,8.2,60 ,52749,"Action, Adventure, Comedy",TV-14,Action
701,701,The Missing,2014,2016,8.2,60 ,27762,"Crime, Drama, Mystery",TV-14,Crime
702,702,Victoria,2016,2019,8.2,60 ,28368,"Biography, Drama, History",TV-PG,Biography
703,703,The Kominsky Method,2018,2021,8.2,30 ,40784,"Comedy, Drama",TV-MA,Comedy
704,704,Hill Street Blues,1981,1987,8.2,60 ,9467,"Crime, Drama, Mystery",TV-14,Crime
705,705,Misfits,2009,2013,8.2,60 ,102737,"Comedy, Drama, Fantasy",TV-MA,Comedy
706,706,Looking,2014,2015,8.2,30 ,19874,"Comedy, Drama, Romance",TV-MA,Comedy
707,707,Tales of the Jedi,2022,,8.2,15 ,23367,"Animation, Short, Action",TV-PG,Animation
708,708,Get Shorty,2017,2019,8.2,60 ,7636,"Comedy, Crime",TV-MA,Comedy
709,709,The Mary Tyler Moore Show,1970,1977,8.2,30 ,9284,Comedy,TV-PG,Comedy
710,710,Catastrophe,2015,2019,8.2,24 ,20470,Comedy,TV-MA,Comedy
711,711,Steven Universe,2013,2020,8.2,11 ,35113,"Animation, Action, Adventure",TV-PG,Animation
712,712,Kim's Convenience,2016,2021,8.2,22 ,19774,Comedy,TV-14,Comedy
713,713,Exit,2019,,8.2,30 ,10274,"Crime, Drama, Thriller",TV-MA,Crime
714,714,The Best Man: The Final Chapters,2022,,8.2,30 ,1617,"Comedy, Drama",TV-MA,Comedy
715,715,Patriot,2015,2018,8.2,58 ,15722,"Comedy, Drama, Thriller",TV-MA,Comedy
716,716,Soap,1977,1981,8.2,30 ,7516,"Comedy, Drama, Romance",TV-14,Comedy
717,717,Gentleman Jack,2019,2022,8.2,60 ,14342,"Biography, Drama, History",TV-MA,Biography
718,718,Miss Fisher's Murder Mysteries,2012,2015,8.2,60 ,16558,"Crime, Drama, History",TV-PG,Crime
719,719,The Durrells,2016,2019,8.2,46 ,12021,"Biography, Comedy, Drama",TV-PG,Biography
720,720,Time,2021,,8.2,59 ,21798,"Crime, Drama",,Crime
721,721,One Day at a Time,2017,2020,8.2,30 ,17040,"Comedy, Drama",TV-PG,Comedy
722,722,Genius,2017,,8.2,43 ,18927,"Biography, Drama, History",TV-14,Biography
723,723,Master of None,2015,2021,8.2,30 ,74037,"Comedy, Drama",TV-MA,Comedy
724,724,Forever,2014,2015,8.2,43 ,58632,"Crime, Drama, Fantasy",TV-PG,Crime
725,725,Caliphate,2020,,8.2,46 ,19488,"Crime, Drama, Thriller",TV-MA,Crime
726,726,Undone,2019,,8.2,23 ,21350,"Animation, Drama, Fantasy",TV-MA,Animation
727,727,Are You Afraid of the Dark?,1990,2000,8.2,30 ,15350,"Drama, Fantasy, Horror",TV-PG,Drama
728,728,South Side,2019,,8.2,22 ,2033,Comedy,TV-MA,Comedy
729,729,Final Space,2018,2021,8.2,30 ,45082,"Animation, Action, Adventure",TV-14,Animation
730,730,Get Smart,1965,1970,8.2,25 ,12867,"Action, Adventure, Comedy",TV-G,Action
731,731,Hustle,2004,2012,8.2,60 ,22948,"Crime, Drama, Mystery",TV-14,Crime
732,732,Travel Man: 48 Hours in...,2015,,8.2,24 ,2960,"Documentary, Adventure, Comedy",Not Rated,Documentary
733,733,Absolutely Fabulous,1992,2012,8.2,45 ,20350,Comedy,TV-14,Comedy
734,734,Lark Rise to Candleford,2008,2011,8.2,53 ,7878,"Drama, Romance",TV-PG,Drama
735,735,Vadhandhi: The Fable of Velonie,2022,,8.2,50 ,3984,"Crime, Drama, Mystery",,Crime
736,736,China Beach,1988,1991,8.2,120 ,3142,"Drama, History, War",,Drama
737,737,Pantheon,2022,,8.2,41 ,3001,"Animation, Action, Drama",TV-14,Animation
738,738,Better Off Ted,2009,2010,8.2,30 ,26526,"Comedy, Sci-Fi",TV-PG,Comedy
739,739,Miranda,2009,2015,8.2,30 ,15987,Comedy,TV-MA,Comedy
740,740,Would I Lie to You?,2007,,8.2,30 ,8927,"Comedy, Game-Show",TV-PG,Comedy
741,741,8 Out of 10 Cats Does Countdown,2012,,8.2,30 ,6156,"Comedy, Game-Show",TV-MA,Comedy
742,742,The Midnight Gospel,2020,,8.2,23 ,20817,"Animation, Adventure, Comedy",TV-MA,Animation
743,743,The Hollow Crown,2012,2016,8.2,150 ,6805,"Drama, History, War",TV-14,Drama
744,744,Gavin & Stacey,2007,2019,8.2,29 ,21076,"Comedy, Drama, Romance",TV-14,Comedy
745,745,Cold Feet,1997,2020,8.2,45 ,4535,"Comedy, Drama, Romance",TV-PG,Comedy
746,746,The Young Ones,1982,1984,8.2,35 ,15512,Comedy,TV-14,Comedy
747,747,Bee and PuppyCat,2013,,8.2,7 ,2975,"Animation, Short, Action",TV-PG,Animation
748,748,The Outer Limits,1963,1965,8.2,51 ,8646,"Fantasy, Horror, Sci-Fi",TV-PG,Fantasy
749,749,Queer as Folk,1999,2000,8.2,48 ,7199,Drama,TV-MA,Drama
750,750,Dragons: Race to the Edge,2015,2018,8.2,22 ,6890,"Animation, Action, Adventure",TV-Y7-FV,Animation
751,751,The Royle Family,1998,2012,8.2,45 ,8307,Comedy,,Comedy
752,752,How the West Was Won,1976,1979,8.2,,2341,Western,,Western
753,753,The First 48,2004,,8.2,60 ,3870,"Crime, Mystery, Reality-TV",TV-14,Crime
754,754,Toast of London,2012,,8.2,30 ,9526,Comedy,TV-MA,Comedy
755,755,The Get Down,2016,2017,8.2,52 ,22896,"Drama, Music, Musical",TV-MA,Drama
756,756,Ashes to Ashes,2008,2010,8.2,60 ,10473,"Crime, Drama, Fantasy",TV-MA,Crime
757,757,Zorro,1957,1959,8.2,30 ,3776,"Action, Adventure, Comedy",TV-G,Action
758,758,Unsolved Mysteries,1987,2010,8.2,60 ,6132,"Documentary, Crime, Drama",TV-PG,Documentary
759,759,Schoolhouse Rock!,1973,2009,8.2,3 ,4094,"Animation, Short, Family",TV-Y,Animation
760,760,We Are Lady Parts,2021,,8.2,24 ,4235,"Comedy, Music",TV-MA,Comedy
761,761,Little Dorrit,2008,,8.2,420 ,9912,"Drama, Mystery, Romance",TV-PG,Drama
762,762,Clone High,2002,2003,8.2,,7729,"Animation, Comedy, Sci-Fi",TV-14,Animation
763,763,Expedition Unknown,2015,,8.2,60 ,3196,"Adventure, Mystery, Reality-TV",TV-PG,Adventure
764,764,The Kids in the Hall,2022,,8.2,25 ,1923,Comedy,TV-MA,Comedy
765,765,Wishbone,1995,1998,8.2,30 ,4043,"Adventure, Comedy, Family",TV-Y7,Adventure
766,766,Tron: Uprising,2012,2013,8.2,30 ,8477,"Animation, Action, Adventure",TV-Y7,Animation
767,767,Ouran High School Host Club,2006,,8.2,24 ,10562,"Animation, Comedy, Romance",TV-14,Animation
768,768,Shaun the Sheep,2007,2020,8.2,7 ,15139,"Animation, Short, Comedy",TV-G,Animation
769,769,MasterChef Australia,2009,,8.2,60 ,3672,Reality-TV,TV-G,Reality-TV
770,770,Mike Tyson Mysteries,2014,2020,8.2,12 ,5194,"Animation, Adventure, Comedy",TV-14,Animation
771,771,"Eerie, Indiana",1991,1992,8.2,30 ,5890,"Adventure, Comedy, Drama",TV-Y7,Adventure
772,772,Home Fires,2015,2016,8.2,45 ,4058,"Drama, War",TV-PG,Drama
773,773,Face Off,2011,2018,8.2,44 ,6710,"Game-Show, Reality-TV",TV-PG,Game-Show
774,774,Home Movies,1999,2004,8.2,30 ,10545,"Animation, Comedy, Drama",TV-14,Animation
775,775,The Joe Schmo Show,2003,,8.2,60 ,1489,"Comedy, Reality-TV",,Comedy
776,776,Wheeler Dealers,2003,,8.2,22 ,3310,Documentary,,Documentary
777,777,Naked City,1958,1963,8.2,60 ,1292,"Crime, Drama, Thriller",TV-14,Crime
778,778,Mystery Science Theater 3000,2017,2022,8.2,90 ,3832,"Comedy, Drama, Horror",TV-14,Comedy
779,779,Secret Agent,1964,1967,8.2,49 ,1426,"Action, Adventure, Crime",TV-PG,Action
780,780,Murder One,1995,1997,8.2,60 ,2310,"Crime, Drama, Mystery",TV-14,Crime
781,781,Conan,2010,2021,8.2,42 ,24456,"Comedy, Music, Talk-Show",TV-14,Comedy
782,782,Locked Up Abroad,2007,,8.2,90 ,2085,"Documentary, Drama",TV-14,Documentary
783,783,Raised by Wolves,2013,2016,8.2,30 ,1739,Comedy,,Comedy
784,784,The Guild,2007,2013,8.2,4 ,10195,"Short, Comedy",TV-14,Short
785,785,Bill Nye the Science Guy,1993,1998,8.2,30 ,8016,"Documentary, Comedy, Family",TV-Y,Documentary
786,786,Thriller,1960,1962,8.2,50 ,1481,"Crime, Drama, Horror",,Crime
787,787,The Chef Show,2019,2020,8.2,30 ,5318,Documentary,TV-14,Documentary
788,788,Love on the Spectrum U.S.,2022,,8.2,40 ,1524,"Documentary, Short, Comedy",TV-14,Documentary
789,789,Baccano!,2007,2008,8.2,384 ,12060,"Animation, Action, Adventure",TV-MA,Animation
790,790,The Fast Show,1994,2014,8.2,30 ,4905,Comedy,TV-14,Comedy
791,791,Puberty Blues,2012,2014,8.2,45 ,2131,"Comedy, Drama",Unrated,Comedy
792,792,Long Way Up,2020,,8.2,519 ,4622,"Documentary, Adventure, Reality-TV",TV-14,Documentary
793,793,Whose Line Is It Anyway?,1988,1999,8.2,36 ,5735,"Comedy, Game-Show",,Comedy
794,794,Still Standing,2015,,8.2,23 ,1588,"Comedy, Reality-TV",,Comedy
795,795,Suzhal - The Vortex,2022,,8.2,46 ,8177,"Crime, Drama, Thriller",,Crime
796,796,Higher Ground,2000,,8.2,60 ,1516,Drama,TV-PG,Drama
797,797,The No. 1 Ladies' Detective Agency,2008,2009,8.2,60 ,3621,"Comedy, Crime, Drama",TV-PG,Comedy
798,798,Penoza,2010,2017,8.2,45 ,3864,"Crime, Drama, Thriller",TV-MA,Crime
799,799,American Masters,1985,,8.2,90 ,1065,"Documentary, Biography, Music",TV-14,Documentary
800,800,Ideal,2005,2011,8.2,30 ,2823,Comedy,,Comedy
801,801,WWII in Color: Road to Victory,2021,,8.2,50 ,2075,"Documentary, History, War",,Documentary
802,802,Man vs. Wild,2006,2020,8.2,60 ,22821,"Adventure, Reality-TV",TV-PG,Adventure
803,803,High Maintenance,2012,2015,8.2,30 ,4904,Comedy,,Comedy
804,804,Late Night with Conan O'Brien,1993,2009,8.2,60 ,18403,"Comedy, Music, Talk-Show",TV-14,Comedy
805,805,Frisky Dingo,2006,2008,8.2,11 ,7446,"Animation, Comedy, Sci-Fi",TV-MA,Animation
806,806,Little Things,2016,,8.2,16 ,7056,"Comedy, Romance",TV-MA,Comedy
807,807,Penn & Teller: Bullshit!,2003,2010,8.2,30 ,11811,"Comedy, Documentary",TV-MA,Comedy
808,808,Million Dollar Extreme Presents: World Peace,2016,,8.2,11 ,2005,Comedy,TV-MA,Comedy
809,809,Todd and the Book of Pure Evil,2010,2012,8.2,,3916,"Comedy, Horror, Sci-Fi",TV-MA,Comedy
810,810,The Booth at the End,2011,2012,8.2,30 ,4822,"Drama, Mystery, Thriller",,Drama
811,811,The Soup,2004,2020,8.2,25 ,6008,Comedy,TV-14,Comedy
812,812,Redwall,1999,2002,8.2,30 ,1072,"Animation, Action, Adventure",TV-Y7,Animation
813,813,Brain Games,2011,,8.2,60 ,3389,"Documentary, Comedy, Drama",TV-G,Documentary
814,814,Intelligence,2005,2007,8.2,44 ,2158,"Crime, Drama, Mystery",,Crime
815,815,Carmilla,2014,2016,8.2,4 ,3458,"Short, Comedy, Fantasy",,Short
816,816,Knightmare,1987,1994,8.2,25 ,1049,"Adventure, Family, Fantasy",,Adventure
817,817,Moribito: Guardian of the Spirit,2007,,8.2,25 ,2775,"Animation, Action, Adventure",TV-PG,Animation
818,818,Huntik: Secrets and Seekers,2009,2012,8.2,,1169,"Animation, Action, Adventure",TV-Y7,Animation
819,819,Survivorman,2004,,8.2,44 ,6572,"Documentary, Adventure",TV-14,Documentary
820,820,"Knowing Me, Knowing You with Alan Partridge",1994,1995,8.2,45 ,6679,Comedy,TV-14,Comedy
821,821,Warriors,1999,,8.2,175 ,2446,"Drama, War",,Drama
822,822,The Kids from Room 402,2000,2001,8.2,23 ,3039,"Animation, Comedy, Family",TV-Y,Animation
823,823,Initial D: Second Stage,1999,2000,8.2,,1467,"Animation, Action, Comedy",TV-14,Animation
824,824,Takeshi's Castle,2002,2004,8.2,,1861,"Action, Adventure, Comedy",,Action
825,825,How It Should Have Ended,2005,,8.2,,3647,"Animation, Short, Comedy",TV-PG,Animation
826,826,The Layover,2011,2013,8.2,43 ,1764,Documentary,TV-PG,Documentary
827,827,Mongrels,2010,2011,8.2,30 ,1378,Comedy,TV-14,Comedy
828,828,The Cinema Snob,2007,,8.2,,1685,Comedy,TV-MA,Comedy
829,829,Hiccups and Hookups,2021,,8.2,,3442,"Comedy, Drama",,Comedy
830,830,Tales by Light,2015,,8.2,23 ,1982,Documentary,,Documentary
831,831,Nodame kantâbire,2007,2010,8.2,25 ,1292,"Animation, Comedy, Drama",,Animation
832,832,Churails,2020,,8.2,60 ,4376,"Drama, Mystery, Thriller",,Drama
833,833,Drew Carey's Improv-A-Ganza,2010,,8.2,30 ,1212,"Comedy, Game-Show",,Comedy
834,834,Queer Eye: We're in Japan!,2019,,8.2,50 ,2687,Reality-TV,TV-14,Reality-TV
835,835,Board James,2009,,8.2,,2312,"Comedy, Horror, Thriller",TV-MA,Comedy
836,836,Kenny Hotz's Triumph of the Will,2011,,8.2,22 ,2149,"Comedy, Crime, Reality-TV",,Comedy
837,837,Poker Face,2023,,8.1,58 ,9770,"Crime, Drama, Mystery",TV-MA,Crime
838,838,The Walking Dead,2010,2022,8.1,44 ,1007859,"Drama, Horror, Thriller",TV-MA,Drama
839,839,Criminal Minds,2005,,8.1,42 ,203197,"Crime, Drama, Mystery",TV-14,Crime
840,840,Tulsa King,2022,,8.1,40 ,37622,"Crime, Drama",TV-MA,Crime
841,841,Law & Order: Special Victims Unit,1999,,8.1,60 ,110363,"Crime, Drama, Mystery",TV-14,Crime
842,842,That '70s Show,1998,2006,8.1,22 ,179428,"Comedy, Drama, Romance",TV-14,Comedy
843,843,Vera,2011,,8.1,90 ,15986,"Crime, Drama, Mystery",TV-PG,Crime
844,844,The Good Doctor,2017,,8.1,41 ,97833,Drama,TV-14,Drama
845,845,Reacher,2022,,8.1,49 ,130648,"Action, Crime, Drama",TV-MA,Action
846,846,The Witcher,2019,,8.1,60 ,507328,"Action, Adventure, Drama",TV-MA,Action
847,847,Only Murders in the Building,2021,,8.1,30 ,108016,"Comedy, Crime, Drama",TV-MA,Comedy
848,848,Lucifer,2016,2021,8.1,42 ,329768,"Crime, Drama, Fantasy",TV-14,Crime
849,849,Castle,2009,2016,8.1,43 ,164842,"Comedy, Crime, Drama",TV-14,Comedy
850,850,Godfather of Harlem,2019,,8.1,55 ,15670,"Crime, Drama",TV-MA,Crime
851,851,Chicago P.D.,2014,,8.1,43 ,39819,"Action, Crime, Drama",TV-14,Action
852,852,Orange Is the New Black,2013,2019,8.1,59 ,306068,"Comedy, Crime, Drama",TV-MA,Comedy
853,853,The Mentalist,2008,2015,8.1,43 ,187953,"Crime, Drama, Mystery",TV-14,Crime
854,854,Malcolm in the Middle,2000,2006,8.1,22 ,133822,"Comedy, Family",TV-PG,Comedy
855,855,Gunsmoke,1955,1975,8.1,60 ,7639,Western,TV-PG,Western
856,856,Star Trek: Deep Space Nine,1993,1999,8.1,45 ,64685,"Action, Adventure, Drama",TV-PG,Action
857,857,How to Get Away with Murder,2014,2020,8.1,43 ,154637,"Crime, Drama, Mystery",TV-14,Crime
858,858,SAS Rogue Heroes,2022,2024,8.1,52 ,14812,"Action, Drama, Thriller",TV-MA,Action
859,859,Gangs of London,2020,,8.1,60 ,35136,"Action, Crime, Drama",TV-MA,Action
860,860,Married... with Children,1987,1997,8.1,22 ,105756,Comedy,TV-PG,Comedy
861,861,Boy Meets World,1993,2000,8.1,23 ,43958,"Comedy, Drama, Family",TV-PG,Comedy
862,862,The Fall,2013,2016,8.1,60 ,108269,"Crime, Drama, Thriller",TV-MA,Crime
863,863,The Tudors,2007,2010,8.1,60 ,76398,"Drama, History, Romance",TV-MA,Drama
864,864,The Golden Girls,1985,1992,8.1,30 ,42836,"Comedy, Drama",TV-PG,Comedy
865,865,Killing Eve,2018,2022,8.1,42 ,121201,"Action, Adventure, Drama",TV-14,Action
866,866,The Righteous Gemstones,2019,,8.1,36 ,34037,"Comedy, Drama",TV-MA,Comedy
867,867,Resident Alien,2021,,8.1,44 ,41783,"Comedy, Drama, Mystery",TV-14,Comedy
868,868,Raising Hope,2010,2014,8.1,22 ,38598,"Comedy, Family",TV-PG,Comedy
869,869,Reservation Dogs,2021,,8.1,30 ,17090,"Comedy, Crime",TV-MA,Comedy
870,870,Power,2014,2020,8.1,50 ,47862,"Crime, Drama",TV-MA,Crime
871,871,Inspector Lewis,2006,2015,8.1,90 ,13778,"Crime, Drama, Mystery",TV-PG,Crime
872,872,Goliath,2016,2021,8.1,60 ,50097,Drama,TV-MA,Drama
873,873,Stargate: Atlantis,2004,2009,8.1,44 ,68114,"Action, Adventure, Drama",TV-PG,Action
874,874,Bates Motel,2013,2017,8.1,45 ,109923,"Drama, Horror, Mystery",TV-MA,Drama
875,875,The Deuce,2017,2019,8.1,60 ,29803,Drama,TV-MA,Drama
876,876,Strike Back,2010,2020,8.1,45 ,32191,"Action, Drama, Thriller",TV-MA,Action
877,877,Workaholics,2011,2017,8.1,22 ,53219,Comedy,TV-14,Comedy
878,878,Tacoma FD,2019,,8.1,30 ,6004,Comedy,TV-14,Comedy
879,879,You Can't Do That on Television,1979,1990,8.1,30 ,2412,"Family, Comedy",TV-PG,Family
880,880,Inspector George Gently,2007,2017,8.1,89 ,7540,"Crime, Drama, Mystery",TV-MA,Crime
881,881,Scooby-Doo! Mystery Incorporated,2010,2013,8.1,23 ,14016,"Animation, Adventure, Comedy",TV-Y7-FV,Animation
882,882,Sneaky Pete,2015,2019,8.1,60 ,37714,"Crime, Thriller",TV-MA,Crime
883,883,Limitless,2022,,8.1,50 ,2529,"Documentary, Adventure",TV-14,Documentary
884,884,Power Book IV: Force,2022,,8.1,57 ,5915,"Crime, Drama",TV-MA,Crime
885,885,Phineas and Ferb,2007,2015,8.1,15 ,48894,"Animation, Short, Action",TV-G,Animation
886,886,The Wild Wild West,1965,1969,8.1,50 ,5603,"Action, Adventure, Western",TV-PG,Action
887,887,Jonathan Creek,1997,2016,8.1,60 ,8245,"Comedy, Crime, Drama",TV-MA,Comedy
888,888,Helluva Boss,2019,,8.1,174 ,5151,"Animation, Comedy, Crime",TV-MA,Animation
889,889,PEN15,2019,2021,8.1,30 ,11830,Comedy,TV-MA,Comedy
890,890,Derek,2012,2014,8.1,23 ,33649,"Comedy, Drama",TV-MA,Comedy
891,891,Dark Shadows,1966,1971,8.1,30 ,4964,"Drama, Fantasy, Horror",TV-PG,Drama
892,892,Happy!,2017,2019,8.1,60 ,40050,"Action, Comedy, Crime",TV-MA,Action
893,893,I Know This Much Is True,2020,,8.1,378 ,20482,Drama,TV-MA,Drama
894,894,Zoey's Extraordinary Playlist,2020,2021,8.1,60 ,16617,"Comedy, Drama, Musical",TV-14,Comedy
895,895,I May Destroy You,2020,,8.1,30 ,22887,Drama,TV-MA,Drama
896,896,Damages,2007,2012,8.1,60 ,30534,"Crime, Drama, Mystery",TV-MA,Crime
897,897,Documentary Now!,2015,,8.1,23 ,7171,Comedy,TV-14,Comedy
898,898,You're the Worst,2014,2019,8.1,30 ,26803,"Comedy, Drama, Romance",TV-MA,Comedy
899,899,Manhunt,2017,2020,8.1,60 ,60919,"Biography, Crime, Drama",TV-14,Biography
900,900,Friday Night Dinner,2011,2020,8.1,24 ,19413,Comedy,TV-14,Comedy
901,901,Sesame Street,1969,,8.1,55 ,14343,"Animation, Adventure, Comedy",TV-Y,Animation
902,902,The Bob Newhart Show,1972,1978,8.1,30 ,6148,Comedy,TV-G,Comedy
903,903,Ripper Street,2012,2016,8.1,59 ,21577,"Crime, Drama, Mystery",TV-MA,Crime
904,904,Dead Like Me,2003,2004,8.1,60 ,42668,"Comedy, Drama, Fantasy",TV-14,Comedy
905,905,The Fugitive,1963,1967,8.1,51 ,4278,"Adventure, Crime, Drama",TV-PG,Adventure
906,906,The Sweeney,1974,1978,8.1,60 ,2394,"Action, Comedy, Crime",TV-PG,Action
907,907,American Vandal,2017,2018,8.1,34 ,31478,"Comedy, Crime, Drama",TV-MA,Comedy
908,908,TURN: Washington's Spies,2014,2017,8.1,60 ,22256,"Drama, History, War",TV-14,Drama
909,909,Mozart in the Jungle,2014,2018,8.1,29 ,25117,"Comedy, Drama, Music",TV-MA,Comedy
910,910,High Maintenance,2016,2020,8.1,30 ,9494,"Comedy, Drama",TV-MA,Comedy
911,911,In Living Color,1990,1994,8.1,30 ,11783,"Comedy, Music",TV-14,Comedy
912,912,Daria,1997,2002,8.1,30 ,25831,"Animation, Comedy, Drama",TV-PG,Animation
913,913,Batman Beyond,1999,2001,8.1,23 ,28416,"Animation, Action, Adventure",TV-Y7,Animation
914,914,See No Evil,2014,,8.1,43 ,1007,"Documentary, Crime",,Documentary
915,915,Gargoyles,1994,1997,8.1,30 ,17039,"Animation, Action, Adventure",TV-Y7,Animation
916,916,Vagabond,2019,,8.1,60 ,9126,"Action, Mystery, Thriller",TV-MA,Action
917,917,Underbelly,2008,2013,8.1,60 ,4982,"Action, Crime, Drama",TV-MA,Action
918,918,Superman: The Animated Series,1996,2000,8.1,30 ,16329,"Animation, Action, Adventure",TV-PG,Animation
919,919,Flowers,2016,2018,8.1,30 ,6039,"Comedy, Drama",TV-14,Comedy
920,920,Dad's Army,1968,1977,8.1,30 ,6741,"Comedy, War",,Comedy
921,921,Maverick,1957,1962,8.1,60 ,3349,"Comedy, Western",TV-14,Comedy
922,922,As We See It,2022,,8.1,35 ,3760,"Comedy, Drama",TV-MA,Comedy
923,923,Galavant,2015,2016,8.1,22 ,15872,"Adventure, Comedy, Fantasy",TV-PG,Adventure
924,924,Degrassi High,1987,1991,8.1,30 ,2973,"Drama, Family, Romance",TV-14,Drama
925,925,Outnumbered,2007,2016,8.1,30 ,11303,"Comedy, Drama",TV-14,Comedy
926,926,Home Town,2016,,8.1,45 ,1247,Reality-TV,TV-G,Reality-TV
927,927,Detroiters,2017,2018,8.1,21 ,3555,Comedy,TV-14,Comedy
928,928,SeaChange,1998,2019,8.1,60 ,1097,"Comedy, Drama",TV-14,Comedy
929,929,Blake's 7,1978,1981,8.1,50 ,4157,"Adventure, Drama, Sci-Fi",Not Rated,Adventure
930,930,Voltron: Legendary Defender,2016,2018,8.1,23 ,9141,"Animation, Action, Adventure",TV-Y7-FV,Animation
931,931,Bravest Warriors,2009,2018,8.1,5 ,3536,"Animation, Action, Adventure",TV-PG,Animation
932,932,Dug Days,2021,,8.1,10 ,4507,"Animation, Short, Adventure",TV-G,Animation
933,933,Boss,2011,2012,8.1,56 ,17888,"Crime, Drama",TV-MA,Crime
934,934,Pee-wee's Playhouse,1986,1991,8.1,30 ,4699,"Comedy, Family, Musical",TV-PG,Comedy
935,935,The Big C,2010,2013,8.1,30 ,15090,"Comedy, Drama",TV-MA,Comedy
936,936,Spawn,1997,1999,8.1,30 ,9164,"Animation, Action, Adventure",TV-MA,Animation
937,937,Mickey Mouse,2013,2019,8.1,4 ,3345,"Animation, Short, Adventure",TV-G,Animation
938,938,12 O'Clock High,1964,1967,8.1,60 ,1245,"Drama, War",,Drama
939,939,The Electric Company,1971,1977,8.1,28 ,2132,"Family, Comedy",TV-G,Family
940,940,The Little Rascals,1955,,8.1,30 ,1262,"Comedy, Family",TV-G,Comedy
941,941,American Gothic,1995,1998,8.1,60 ,4627,"Drama, Horror, Thriller",TV-PG,Drama
942,942,Dirty Money,2018,2020,8.1,60 ,9553,"Documentary, Crime",TV-14,Documentary
943,943,DuckTales,1987,1990,8.1,23 ,32996,"Animation, Action, Adventure",TV-G,Animation
944,944,Mystery!: Cadfael,1994,1998,8.1,75 ,2789,"Crime, Drama, Mystery",TV-14,Crime
945,945,Star Trek Continues,2013,2017,8.1,45 ,3080,"Action, Adventure, Sci-Fi",,Action
946,946,The Forsyte Saga,2002,2003,8.1,276 ,6153,"Drama, History, Romance",TV-PG,Drama
947,947,Rejseholdet,2000,2004,8.1,75 ,3781,"Action, Crime, Drama",,Action
948,948,Cheer,2020,2022,8.1,60 ,6532,"Documentary, Sport",TV-MA,Documentary
949,949,Peter Gunn,1958,1961,8.1,30 ,1446,"Action, Crime, Drama",TV-14,Action
950,950,The Red Green Show,1991,2006,8.1,25 ,2684,Comedy,TV-G,Comedy
951,951,Vicious,2013,2016,8.1,23 ,8955,Comedy,TV-MA,Comedy
952,952,Laurel Canyon,2020,,8.1,78 ,1108,"Documentary, History, Music",TV-14,Documentary
953,953,Sledge Hammer!,1986,1988,8.1,30 ,6895,"Action, Comedy",,Action
954,954,Prisoner,1979,1986,8.1,50 ,2034,"Crime, Drama",TV-14,Crime
955,955,Green Eggs and Ham,2019,2022,8.1,26 ,2827,"Animation, Adventure, Comedy",TV-Y7,Animation
956,956,The Shivering Truth,2018,,8.1,11 ,2295,"Animation, Comedy, Fantasy",TV-MA,Animation
957,957,19-2,2014,2017,8.1,60 ,2718,"Crime, Drama",TV-MA,Crime
958,958,Criminal Justice,2019,,8.1,50 ,17558,"Crime, Drama, Mystery",,Crime
959,959,Broken,2017,,8.1,60 ,3161,Drama,TV-MA,Drama
960,960,The Last Movie Stars,2022,,8.1,59 ,1365,Documentary,TV-MA,Documentary
961,961,Strangers with Candy,1999,2000,8.1,22 ,6277,Comedy,TV-14,Comedy
962,962,Gangland Undercover,2015,2016,8.1,42 ,3671,"Biography, Crime, Drama",TV-14,Biography
963,963,Moone Boy,2012,2015,8.1,23 ,6335,Comedy,TV-14,Comedy
964,964,Beast Wars: Transformers,1996,1999,8.1,30 ,8226,"Animation, Action, Adventure",TV-Y7,Animation
965,965,Kamisama hajimemashita,2012,2016,8.1,23 ,4182,"Animation, Comedy, Fantasy",TV-PG,Animation
966,966,The Almighty Johnsons,2011,2013,8.1,47 ,4765,"Comedy, Drama, Fantasy",TV-14,Comedy
967,967,100 Foot Wave,2021,,8.1,60 ,1985,"Documentary, Sport",TV-14,Documentary
968,968,Wakfu,2008,2017,8.1,24 ,1632,"Animation, Action, Adventure",TV-Y7-FV,Animation
969,969,Get a Life,1990,1992,8.1,30 ,2821,"Comedy, Fantasy",,Comedy
970,970,Adam Ruins Everything,2015,2019,8.1,30 ,7129,"Documentary, Animation, Comedy",TV-14,Documentary
971,971,Ten Year Old Tom,2021,,8.1,24 ,1309,"Animation, Comedy",TV-MA,Animation
972,972,Fixer Upper,2013,2018,8.1,60 ,3223,Reality-TV,TV-G,Reality-TV
973,973,River Monsters,2009,2017,8.1,42 ,5278,"Documentary, Adventure, Mystery",,Documentary
974,974,Good Girls Revolt,2015,2016,8.1,55 ,6007,Drama,TV-MA,Drama
975,975,The Good Guys,2010,,8.1,60 ,7435,"Action, Comedy",TV-14,Action
976,976,Black Dynamite,2011,2015,8.1,22 ,4634,"Animation, Action, Adventure",TV-MA,Animation
977,977,Pit Bulls and Parolees,2009,,8.1,43 ,1421,"Drama, Reality-TV",,Drama
978,978,Now and Again,1999,2000,8.1,45 ,1772,"Adventure, Comedy, Drama",TV-14,Adventure
979,979,Kings,2009,,8.1,60 ,8568,"Drama, Sci-Fi",TV-14,Drama
980,980,The House of Eliott,1991,1994,8.1,50 ,1469,Drama,,Drama
981,981,Legit,2013,2014,8.1,30 ,8542,Comedy,TV-MA,Comedy
982,982,The Black Donnellys,2007,,8.1,60 ,14166,"Crime, Drama",TV-14,Crime
983,983,I Shouldn't Be Alive,2005,2012,8.1,60 ,2200,"Documentary, Biography, Drama",TV-PG,Documentary
984,984,Ride with Norman Reedus,2016,,8.1,43 ,1307,Reality-TV,TV-14,Reality-TV
985,985,Space Dandy,2014,,8.1,24 ,4241,"Animation, Adventure, Comedy",TV-14,Animation
986,986,Boomtown,2002,2003,8.1,45 ,2190,"Crime, Drama, Mystery",TV-MA,Crime
987,987,The Red Skelton Hour,1951,2016,8.1,60 ,1304,Comedy,TV-G,Comedy
988,988,Modern Marvels,1993,,8.1,60 ,2009,"Documentary, History",TV-PG,Documentary
989,989,Dali and the Cocky Prince,2021,,8.1,70 ,1131,"Comedy, Drama, Romance",,Comedy
990,990,Sunderland 'Til I Die,2018,2020,8.1,39 ,8594,"Documentary, Sport",TV-MA,Documentary
991,991,Nighty Night,2004,2005,8.1,30 ,2844,"Comedy, Crime, Thriller",,Comedy
992,992,Tenacious D,1997,2000,8.1,30 ,3694,"Comedy, Music",TV-14,Comedy
993,993,The Dean Martin Show,1965,1974,8.1,,1362,"Comedy, Music",TV-PG,Comedy
994,994,Legends of the Hidden Temple,1993,1995,8.1,30 ,3731,"Adventure, Family, Game-Show",TV-G,Adventure
995,995,Our Great National Parks,2022,,8.1,50 ,2384,Documentary,TV-PG,Documentary
996,996,Chef!,1993,1996,8.1,30 ,1437,Comedy,TV-MA,Comedy
997,997,Da Vinci's Inquest,1998,2006,8.1,44 ,1228,"Crime, Mystery, Drama",,Crime
998,998,Day Break,2006,2007,8.1,60 ,8252,"Action, Drama, Sci-Fi",TV-14,Action
999,999,The Abbott and Costello Show,1952,1957,8.1,25 ,1252,"Comedy, Family, Mystery",TV-G,Comedy
